"GA","BMI","eta_fixed"
11,20.703125,-3.05979350131793
11.3050847457627,20.703125,-3.0371196633933
11.6101694915254,20.703125,-3.01449486112302
11.9152542372881,20.703125,-2.99202132223312
12.2203389830508,20.703125,-2.96984324283612
12.5254237288136,20.703125,-2.94812909871138
12.8305084745763,20.703125,-2.92705592802599
13.135593220339,20.703125,-2.90679561073682
13.4406779661017,20.703125,-2.88750316973272
13.7457627118644,20.703125,-2.8693071083305
14.0508474576271,20.703125,-2.85230179023432
14.3559322033898,20.703125,-2.83654184342751
14.6610169491525,20.703125,-2.82203835197795
14.9661016949153,20.703125,-2.80875048164705
15.271186440678,20.703125,-2.79658376503811
15.5762711864407,20.703125,-2.785399948923
15.8813559322034,20.703125,-2.77502081561737
16.1864406779661,20.703125,-2.76523278045421
16.4915254237288,20.703125,-2.75579261432467
16.7966101694915,20.703125,-2.74643405998337
17.1016949152542,20.703125,-2.73687510662564
17.4067796610169,20.703125,-2.72682567783474
17.7118644067797,20.703125,-2.71599548608762
18.0169491525424,20.703125,-2.70410181182648
18.3220338983051,20.703125,-2.69087904152562
18.6271186440678,20.703125,-2.67611539870867
18.9322033898305,20.703125,-2.6596451502219
19.2372881355932,20.703125,-2.64133142365202
19.5423728813559,20.703125,-2.62107509413421
19.8474576271186,20.703125,-2.59881799938828
20.1525423728814,20.703125,-2.57454478883935
20.4576271186441,20.703125,-2.54828345974833
20.7627118644068,20.703125,-2.52010456585799
21.0677966101695,20.703125,-2.49011913008614
21.3728813559322,20.703125,-2.45847533674193
21.6779661016949,20.703125,-2.42535410824991
21.9830508474576,20.703125,-2.39096353602739
22.2881355932203,20.703125,-2.3555191494784
22.5932203389831,20.703125,-2.31922668449528
22.8983050847458,20.703125,-2.28229352676626
23.2033898305085,20.703125,-2.24492536999981
23.5084745762712,20.703125,-2.20732026688486
23.8135593220339,20.703125,-2.16966163786362
24.1186440677966,20.703125,-2.1321117476136
24.4237288135593,20.703125,-2.09480590550675
24.728813559322,20.703125,-2.05784758564099
25.0338983050847,20.703125,-2.02130464346772
25.3389830508475,20.703125,-1.98521180811536
25.6440677966102,20.703125,-1.94958813915016
25.9491525423729,20.703125,-1.91443935436304
26.2542372881356,20.703125,-1.87975713170463
26.5593220338983,20.703125,-1.84551211448782
26.864406779661,20.703125,-1.81165763763047
27.1694915254237,20.703125,-1.77814024629177
27.4745762711864,20.703125,-1.74490611893944
27.7796610169492,20.703125,-1.71190144947647
28.0847457627119,20.703125,-1.67907517871179
28.3898305084746,20.703125,-1.64638213629468
28.6949152542373,20.703125,-1.61377791277596
29,20.703125,-1.58121809870642
11,21.1467161016949,-3.02656981123492
11.3050847457627,21.1467161016949,-3.00502482118424
11.6101694915254,21.1467161016949,-2.98352751110809
11.9152542372881,21.1467161016949,-2.96217875305267
12.2203389830508,21.1467161016949,-2.94112138745069
12.5254237288136,21.1467161016949,-2.92052253440168
12.8305084745763,21.1467161016949,-2.90055787639293
13.135593220339,21.1467161016949,-2.88139793770147
13.4406779661017,21.1467161016949,-2.86319638553633
13.7457627118644,21.1467161016949,-2.84608036753452
14.0508474576271,21.1467161016949,-2.83014289172035
14.3559322033898,21.1467161016949,-2.81543723039735
14.6610169491525,21.1467161016949,-2.80197297661381
14.9661016949153,21.1467161016949,-2.78970286214522
15.271186440678,21.1467161016949,-2.77851974286033
15.5762711864407,21.1467161016949,-2.76827228905075
15.8813559322034,21.1467161016949,-2.75876920655188
16.1864406779661,21.1467161016949,-2.74978383421645
16.4915254237288,21.1467161016949,-2.74105986645538
16.7966101694915,21.1467161016949,-2.73231796954303
17.1016949152542,21.1467161016949,-2.72326305619448
17.4067796610169,21.1467161016949,-2.71359197351276
17.7118644067797,21.1467161016949,-2.70300135749454
18.0169491525424,21.1467161016949,-2.69119541210179
18.3220338983051,21.1467161016949,-2.6778967835737
18.6271186440678,21.1467161016949,-2.66290299059331
18.9322033898305,21.1467161016949,-2.64607433786704
19.2372881355932,21.1467161016949,-2.62730045450322
19.5423728813559,21.1467161016949,-2.60650871715865
19.8474576271186,21.1467161016949,-2.58366746507478
20.1525423728814,21.1467161016949,-2.55878784919836
20.4576271186441,21.1467161016949,-2.53192436831191
20.7627118644068,21.1467161016949,-2.50317407767984
21.0677966101695,21.1467161016949,-2.47267450174157
21.3728813559322,21.1467161016949,-2.44060032632789
21.6779661016949,21.1467161016949,-2.40715897538497
21.9830508474576,21.1467161016949,-2.37258489899288
22.2881355932203,21.1467161016949,-2.33710853157509
22.5932203389831,21.1467161016949,-2.30093086916634
22.8983050847458,21.1467161016949,-2.26425262548019
23.2033898305085,21.1467161016949,-2.22727282225041
23.5084745762712,21.1467161016949,-2.19018284019124
23.8135593220339,21.1467161016949,-2.1531594277702
24.1186440677966,21.1467161016949,-2.11635817769012
24.4237288135593,21.1467161016949,-2.07990772734824
24.728813559322,21.1467161016949,-2.04390487886781
25.0338983050847,21.1467161016949,-2.00841081572552
25.3389830508475,21.1467161016949,-1.97345359507512
25.6440677966102,21.1467161016949,-1.93904560450816
25.9491525423729,21.1467161016949,-1.90518588984087
26.2542372881356,21.1467161016949,-1.87185945704918
26.5593220338983,21.1467161016949,-1.83903027747132
26.864406779661,21.1467161016949,-1.80664501405042
27.1694915254237,21.1467161016949,-1.77464353997101
27.4745762711864,21.1467161016949,-1.74296536172611
27.7796610169492,21.1467161016949,-1.71155000124402
28.0847457627119,21.1467161016949,-1.68033972735898
28.3898305084746,21.1467161016949,-1.64928269774559
28.6949152542373,21.1467161016949,-1.61832783097995
29,21.1467161016949,-1.5874240456382
11,21.5903072033898,-2.99355193465124
11.3050847457627,21.5903072033898,-2.97312497133695
11.6101694915254,21.5903072033898,-2.95274434171816
11.9152542372881,21.5903072033898,-2.93250957156201
12.2203389830508,21.5903072033898,-2.91256215502216
12.5254237288136,21.5903072033898,-2.89306786591911
12.8305084745763,21.5903072033898,-2.8742010404611
13.135593220339,21.5903072033898,-2.85613085664611
13.4406779661017,21.5903072033898,-2.83900963540413
13.7457627118644,21.5903072033898,-2.82296317809313
14.0508474576271,21.5903072033898,-2.80808314645837
14.3559322033898,21.5903072033898,-2.79442146652434
14.6610169491525,21.5903072033898,-2.78198625174768
14.9661016949153,21.5903072033898,-2.77072388538379
15.271186440678,21.5903072033898,-2.76051472553909
15.5762711864407,21.5903072033898,-2.75119455098479
15.8813559322034,21.5903072033898,-2.74255917603588
16.1864406779661,21.5903072033898,-2.73436904802467
16.4915254237288,21.5903072033898,-2.72635496984169
16.7966101694915,21.5903072033898,-2.71822471624087
17.1016949152542,21.5903072033898,-2.70967030841688
17.4067796610169,21.5903072033898,-2.70037570195235
17.7118644067797,21.5903072033898,-2.69002464132354
18.0169491525424,21.5903072033898,-2.67830843897201
18.3220338983051,21.5903072033898,-2.66493816858798
18.6271186440678,21.5903072033898,-2.64972053977492
18.9322033898305,21.5903072033898,-2.63254157442701
19.2372881355932,21.5903072033898,-2.61331707650807
19.5423728813559,21.5903072033898,-2.59200059753039
19.8474576271186,21.5903072033898,-2.56858665159088
20.1525423728814,21.5903072033898,-2.54311256449179
20.4576271186441,21.5903072033898,-2.5156590098711
20.7627118644068,21.5903072033898,-2.48634921784872
21.0677966101695,21.5903072033898,-2.45534688771956
21.3728813559322,21.5903072033898,-2.42285288016986
21.6779661016949,21.5903072033898,-2.38910079400128
21.9830508474576,21.5903072033898,-2.35435111301515
22.2881355932203,21.5903072033898,-2.3188489899834
22.5932203389831,21.5903072033898,-2.282790731569
22.8983050847458,21.5903072033898,-2.24637045332148
23.2033898305085,21.5903072033898,-2.2097805788106
23.5084745762712,21.5903072033898,-2.17320589058659
23.8135593220339,21.5903072033898,-2.13681653895296
24.1186440677966,21.5903072033898,-2.10076151844852
24.4237288135593,21.5903072033898,-2.06516286830649
24.728813559322,21.5903072033898,-2.03011079248612
25.0338983050847,21.5903072033898,-1.99565987630007
25.3389830508475,21.5903072033898,-1.9618315787381
25.6440677966102,21.5903072033898,-1.92863168922772
25.9491525423729,21.5903072033898,-1.89605265542116
26.2542372881356,21.5903072033898,-1.86407288513035
26.5593220338983,21.5903072033898,-1.83264975152948
26.864406779661,21.5903072033898,-1.80172331939769
27.1694915254237,21.5903072033898,-1.77122686375547
27.4745762711864,21.5903072033898,-1.74109329293185
27.7796610169492,21.5903072033898,-1.71125553069111
28.0847457627119,21.5903072033898,-1.68164924770347
28.3898305084746,21.5903072033898,-1.65221600347952
28.6949152542373,21.5903072033898,-1.62289811843135
29,21.5903072033898,-1.59363791297108
11,22.0338983050847,-2.9609456850662
11.3050847457627,22.0338983050847,-2.94161510621322
11.6101694915254,22.0338983050847,-2.92232953357824
11.9152542372881,22.0338983050847,-2.90318716545092
12.2203389830508,22.0338983050847,-2.88432816850743
12.5254237288136,22.0338983050847,-2.86591698909077
12.8305084745763,22.0338983050847,-2.8481266359317
13.135593220339,22.0338983050847,-2.8311249595507
13.4406779661017,22.0338983050847,-2.81506295340028
13.7457627118644,22.0338983050847,-2.8000650913609
14.0508474576271,22.0338983050847,-2.78622170770036
14.3559322033898,22.0338983050847,-2.77358340096562
14.6610169491525,22.0338983050847,-2.76215682787761
14.9661016949153,22.0338983050847,-2.75188219410315
15.271186440678,22.0338983050847,-2.74262771793092
15.5762711864407,22.0338983050847,-2.73421665653141
15.8813559322034,22.0338983050847,-2.72643230261886
16.1864406779661,22.0338983050847,-2.71902258192486
16.4915254237288,22.0338983050847,-2.71170577573918
16.7966101694915,22.0338983050847,-2.70417713721505
17.1016949152542,22.0338983050847,-2.69611616594639
17.4067796610169,22.0338983050847,-2.68719429591509
17.7118644067797,22.0338983050847,-2.6770827499967
18.0169491525424,22.0338983050847,-2.66546031903201
18.3220338983051,22.0338983050847,-2.65202683953465
18.6271186440678,22.0338983050847,-2.63659800355046
18.9322033898305,22.0338983050847,-2.61908490881666
19.2372881355932,22.0338983050847,-2.59942888082025
19.5423728813559,22.0338983050847,-2.57760899259672
19.8474576271186,22.0338983050847,-2.55364527976618
20.1525423728814,22.0338983050847,-2.52760058965405
20.4576271186441,22.0338983050847,-2.49958111742152
20.7627118644068,22.0338983050847,-2.46973561471168
21.0677966101695,22.0338983050847,-2.43825330234263
21.3728813559322,22.0338983050847,-2.40536056252382
21.6779661016949,22.0338983050847,-2.3713165155801
21.9830508474576,22.0338983050847,-2.33640702915096
22.2881355932203,22.0338983050847,-2.30089160101497
22.5932203389831,22.0338983050847,-2.26496194943485
22.8983050847458,22.0338983050847,-2.22880573941749
23.2033898305085,22.0338983050847,-2.19260894398998
23.5084745762712,22.0338983050847,-2.15654989515989
23.8135593220339,22.0338983050847,-2.12079229268807
24.1186440677966,22.0338983050847,-2.08547868057067
24.4237288135593,22.0338983050847,-2.05072464749825
24.728813559322,22.0338983050847,-2.0166139468874
25.0338983050847,22.0338983050847,-1.98319471350812
25.3389830508475,22.0338983050847,-1.95048195580751
25.6440677966102,22.0338983050847,-1.91847501267041
25.9491525423729,22.0338983050847,-1.88715988120641
26.2542372881356,22.0338983050847,-1.85650851868475
26.5593220338983,22.0338983050847,-1.82647184773698
26.864406779661,22.0338983050847,-1.79698348259958
27.1694915254237,22.0338983050847,-1.76797024775037
27.4745762711864,22.0338983050847,-1.73935860097573
27.7796610169492,22.0338983050847,-1.71107501549727
28.0847457627119,22.0338983050847,-1.68304871144255
28.3898305084746,22.0338983050847,-1.6552147977795
28.6949152542373,22.0338983050847,-1.62750914437755
29,22.0338983050847,-1.59986762110617
11,22.4774894067797,-2.92895687597912
11.3050847457627,22.4774894067797,-2.9106902181748
11.6101694915254,22.4774894067797,-2.89246726731333
11.9152542372881,22.4774894067797,-2.87438492240919
12.2203389830508,22.4774894067797,-2.8565820508634
12.5254237288136,22.4774894067797,-2.83922179974379
12.8305084745763,22.4774894067797,-2.82247587850596
13.135593220339,22.4774894067797,-2.80651083839523
13.4406779661017,22.4774894067797,-2.79147637358896
13.7457627118644,22.4774894067797,-2.77749565869243
14.0508474576271,22.4774894067797,-2.76465772869828
14.3559322033898,22.4774894067797,-2.75301188287833
14.6610169491525,22.4774894067797,-2.7425633555016
14.9661016949153,22.4774894067797,-2.73324643104369
15.271186440678,22.4774894067797,-2.72491772489237
15.5762711864407,22.4774894067797,-2.7173885274969
15.8813559322034,22.4774894067797,-2.71043016485031
16.1864406779661,22.4774894067797,-2.70377859596298
16.4915254237288,22.4774894067797,-2.69714013540346
16.7966101694915,22.4774894067797,-2.69019806960374
17.1016949152542,22.4774894067797,-2.68261993143656
17.4067796610169,22.4774894067797,-2.67406518816256
17.7118644067797,22.4774894067797,-2.66419309593607
18.0169491525424,22.4774894067797,-2.6526704788767
18.3220338983051,22.4774894067797,-2.63918643937988
18.6271186440678,22.4774894067797,-2.62356533921688
18.9322033898305,22.4774894067797,-2.60574238995081
19.2372881355932,22.4774894067797,-2.58568345859342
19.5423728813559,22.4774894067797,-2.56339215970495
19.8474576271186,22.4774894067797,-2.53891307043027
20.1525423728814,22.4774894067797,-2.51233357961956
20.4576271186441,22.4774894067797,-2.48378442395877
20.7627118644068,22.4774894067797,-2.45343889661575
21.0677966101695,22.4774894067797,-2.42151075993336
21.3728813559322,22.4774894067797,-2.3882509376458
21.6779661016949,22.4774894067797,-2.35394309160267
21.9830508474576,22.4774894067797,-2.3188974984571
22.2881355932203,22.4774894067797,-2.28338744098141
22.5932203389831,22.4774894067797,-2.24760020049548
22.8983050847458,22.4774894067797,-2.21171721289557
23.2033898305085,22.4774894067797,-2.17591822209813
23.5084745762712,22.4774894067797,-2.1403753310001
23.8135593220339,22.4774894067797,-2.1052460102517
24.1186440677966,22.4774894067797,-2.07066657473845
24.4237288135593,22.4774894067797,-2.03674638404028
24.728813559322,22.4774894067797,-2.00356296246314
25.0338983050847,22.4774894067797,-1.97115821566642
25.3389830508475,22.4774894067797,-1.93954092298656
25.6440677966102,22.4774894067797,-1.9087041941978
25.9491525423729,22.4774894067797,-1.87862779729907
26.2542372881356,22.4774894067797,-1.84927746044899
26.5593220338983,22.4774894067797,-1.8205978771685
26.864406779661,22.4774894067797,-1.79251643258341
27.1694915254237,22.4774894067797,-1.76495372206094
27.4745762711864,22.4774894067797,-1.73782997427681
27.7796610169492,22.4774894067797,-1.71106543334203
28.0847457627119,22.4774894067797,-1.68458309027351
28.3898305084746,22.4774894067797,-1.65831182492855
28.6949152542373,22.4774894067797,-1.63218127806596
29,22.4774894067797,-1.60612109044456
11,22.9210805084746,-2.89779132088933
11.3050847457627,22.9210805084746,-2.88054529958349
11.6101694915254,22.9210805084746,-2.86334172354844
11.9152542372881,22.9210805084746,-2.84627623012661
12.2203389830508,22.9210805084746,-2.82948642504697
12.5254237288136,22.9210805084746,-2.81313419370529
12.8305084745763,22.9210805084746,-2.7973899838851
13.135593220339,22.9210805084746,-2.78241908515969
13.4406779661017,22.9210805084746,-2.76836993003434
13.7457627118644,22.9210805084746,-2.7553644314423
14.0508474576271,22.9210805084746,-2.74349036270414
14.3559322033898,22.9210805084746,-2.73279576141962
14.6610169491525,22.9210805084746,-2.7232844851177
14.9661016949153,22.9210805084746,-2.71488523894582
15.271186440678,22.9210805084746,-2.70744375127998
15.5762711864407,22.9210805084746,-2.70076008568756
15.8813559322034,22.9210805084746,-2.69459434127974
16.1864406779661,22.9210805084746,-2.68867125018503
16.4915254237288,22.9210805084746,-2.68268590009011
16.7966101694915,22.9210805084746,-2.67631035054513
17.1016949152542,22.9210805084746,-2.66920090754093
17.4067796610169,22.9210805084746,-2.66100581145632
17.7118644067797,22.9210805084746,-2.65137309156375
18.0169491525424,22.9210805084746,-2.63995834510096
18.3220338983051,22.9210805084746,-2.62644061108987
18.6271186440678,22.9210805084746,-2.61065250407117
18.9322033898305,22.9210805084746,-2.59255206674432
19.2372881355932,22.9210805084746,-2.57212840098124
19.5423728813559,22.9210805084746,-2.54940835620236
19.8474576271186,22.9210805084746,-2.52445974441274
20.1525423728814,22.9210805084746,-2.49739318932274
20.4576271186441,22.9210805084746,-2.46836266247847
20.7627118644068,22.9210805084746,-2.43756469190797
21.0677966101695,22.9210805084746,-2.40523627481428
21.3728813559322,22.9210805084746,-2.37165156979178
21.6779661016949,22.9210805084746,-2.33711747355025
21.9830508474576,22.9210805084746,-2.30196737199033
22.2881355932203,22.9210805084746,-2.26648758619436
22.5932203389831,22.9210805084746,-2.2308611624825
22.8983050847458,22.9210805084746,-2.19526360288308
23.2033898305085,22.9210805084746,-2.15986871744464
23.5084745762712,22.9210805084746,-2.12484267519619
23.8135593220339,22.9210805084746,-2.09033701292003
24.1186440677966,22.9210805084746,-2.05648211163374
24.4237288135593,22.9210805084746,-2.02338139704934
24.728813559322,22.9210805084746,-1.99110645960484
25.0338983050847,22.9210805084746,-1.95969327109172
25.3389830508475,22.9210805084746,-1.92914467697849
25.6440677966102,22.9210805084746,-1.89944785317145
25.9491525423729,22.9210805084746,-1.87057663380162
26.2542372881356,22.9210805084746,-1.84249081315971
26.5593220338983,22.9210805084746,-1.81512915089869
26.864406779661,22.9210805084746,-1.78841309827649
27.1694915254237,22.9210805084746,-1.76225731679238
27.4745762711864,22.9210805084746,-1.73657610125417
27.7796610169492,22.9210805084746,-1.71128376190492
28.0847457627119,22.9210805084746,-1.68629735589364
28.3898305084746,22.9210805084746,-1.6615398292097
28.6949152542373,22.9210805084746,-1.63693488874398
29,22.9210805084746,-1.61240624138737
11,23.3646716101695,-2.86765483329614
11.3050847457627,23.3646716101695,-2.85137534280105
11.6101694915254,23.3646716101695,-2.83513708290857
11.9152542372881,23.3646716101695,-2.81903447629297
12.2203389830508,23.3646716101695,-2.80320391401503
12.5254237288136,23.3646716101695,-2.78780606680237
12.8305084745763,23.3646716101695,-2.77301016777034
13.135593220339,23.3646716101695,-2.75898029182405
13.4406779661017,23.3646716101695,-2.74586365680061
13.7457627118644,23.3646716101695,-2.73378096096509
14.0508474576271,23.3646716101695,-2.7228187629699
14.3559322033898,23.3646716101695,-2.71302388574662
14.6610169491525,23.3646716101695,-2.70439886722391
14.9661016949153,23.3646716101695,-2.69686726054992
15.271186440678,23.3646716101695,-2.69026480195027
15.5762711864407,23.3646716101695,-2.68438125290967
15.8813559322034,23.3646716101695,-2.67896641045663
16.1864406779661,23.3646716101695,-2.67373470463697
16.4915254237288,23.3646716101695,-2.66837092105474
16.7966101694915,23.3646716101695,-2.66253681717738
17.1016949152542,23.3646716101695,-2.65587839691307
17.4067796610169,23.3646716101695,-2.64803359855795
17.7118644067797,23.3646716101695,-2.63864014930181
18.0169491525424,23.3646716101695,-2.6273433442997
18.3220338983051,23.3646716101695,-2.61381299763082
18.6271186440678,23.3646716101695,-2.59788945541028
18.9322033898305,23.3646716101695,-2.579551988112
19.2372881355932,23.3646716101695,-2.55881129913737
19.5423728813559,23.3646716101695,-2.53571583943626
19.8474576271186,23.3646716101695,-2.5103550225432
20.1525423728814,23.3646716101695,-2.48286107369799
20.4576271186441,23.3646716101695,-2.45340956597622
20.7627118644068,23.3646716101695,-2.42221862893537
21.0677966101695,23.3646716101695,-2.38954686130794
21.3728813559322,23.3646716101695,-2.35569002321777
21.6779661016949,23.3646716101695,-2.3209766129041
21.9830508474576,23.3646716101695,-2.28576150080743
22.2881355932203,23.3646716101695,-2.25034311296543
22.5932203389831,23.3646716101695,-2.21490051312749
22.8983050847458,23.3646716101695,-2.17960363850738
23.2033898305085,23.3646716101695,-2.14462073433911
23.5084745762712,23.3646716101695,-2.11011240483714
23.8135593220339,23.3646716101695,-2.07622462196922
24.1186440677966,23.3646716101695,-2.04308220193841
24.4237288135593,23.3646716101695,-2.01078300564217
24.728813559322,23.3646716101695,-1.97939305870399
25.0338983050847,23.3646716101695,-1.94894276810077
25.3389830508475,23.3646716101695,-1.91942941448649
25.6440677966102,23.3646716101695,-1.89083460895293
25.9491525423729,23.3646716101695,-1.86312662081655
26.2542372881356,23.3646716101695,-1.8362596795535
26.5593220338983,23.3646716101695,-1.81016698000224
26.864406779661,23.3646716101695,-1.78476440860613
27.1694915254237,23.3646716101695,-1.75996106204992
27.4745762711864,23.3646716101695,-1.73566567032687
27.7796610169492,23.3646716101695,-1.71178697886549
28.0847457627119,23.3646716101695,-1.68823648000025
28.3898305084746,23.3646716101695,-1.66493155490598
28.6949152542373,23.3646716101695,-1.64179034565901
29,23.3646716101695,-1.6187309943357
11,23.8082627118644,-2.83875322669888
11.3050847457627,23.8082627118644,-2.82337534018925
11.6101694915254,23.8082627118644,-2.80803752601872
11.9152542372881,23.8082627118644,-2.79283304859805
12.2203389830508,23.8082627118644,-2.7778971407245
12.5254237288136,23.8082627118644,-2.76338931486216
12.8305084745763,23.8082627118644,-2.74947764586289
13.135593220339,23.8082627118644,-2.73632505036828
13.4406779661017,23.8082627118644,-2.72407758795193
13.7457627118644,23.8082627118644,-2.71285479861539
14.0508474576271,23.8082627118644,-2.70274208274755
14.3559322033898,23.8082627118644,-2.69378510501649
14.6610169491525,23.8082627118644,-2.68598515231827
14.9661016949153,23.8082627118644,-2.67926113859639
15.271186440678,23.8082627118644,-2.67343988175978
15.5762711864407,23.8082627118644,-2.66830195096952
15.8813559322034,23.8082627118644,-2.66358795093046
16.1864406779661,23.8082627118644,-2.6590031193648
16.4915254237288,23.8082627118644,-2.65422304955293
16.7966101694915,23.8082627118644,-2.64890030663866
17.1016949152542,23.8082627118644,-2.64267170220653
17.4067796610169,23.8082627118644,-2.63516598222903
17.7118644067797,23.8082627118644,-2.62601168157232
18.0169491525424,23.8082627118644,-2.61484490306781
18.3220338983051,23.8082627118644,-2.60132724196891
18.6271186440678,23.8082627118644,-2.58530615053117
18.9322033898305,23.8082627118644,-2.5667802029687
19.2372881355932,23.8082627118644,-2.54577974421547
19.5423728813559,23.8082627118644,-2.52237286675395
19.8474576271186,23.8082627118644,-2.49666862565124
20.1525423728814,23.8082627118644,-2.46881888767975
20.4576271186441,23.8082627118644,-2.43901886744765
20.7627118644068,23.8082627118644,-2.407506336045
21.0677966101695,23.8082627118644,-2.3745595337369
21.3728813559322,23.8082627118644,-2.34049386217977
21.6779661016949,23.8082627118644,-2.30565746114545
21.9830508474576,23.8082627118644,-2.27042473596518
22.2881355932203,23.8082627118644,-2.23510509760626
22.5932203389831,23.8082627118644,-2.19987393016204
22.8983050847458,23.8082627118644,-2.16489604889582
23.2033898305085,23.8082627118644,-2.13033457709112
23.5084745762712,23.8082627118644,-2.09634499701191
23.8135593220339,23.8082627118644,-2.06306815867546
24.1186440677966,23.8082627118644,-2.03062375633435
24.4237288135593,23.8082627118644,-1.99910452893555
24.728813559322,23.8082627118644,-1.96857138015205
25.0338983050847,23.8082627118644,-1.9390495950103
25.3389830508475,23.8082627118644,-1.91053133221379
25.6440677966102,23.8082627118644,-1.88299308090379
25.9491525423729,23.8082627118644,-1.8563979884463
26.2542372881356,23.8082627118644,-1.83069516236698
26.5593220338983,23.8082627118644,-1.80581267555381
26.864406779661,23.8082627118644,-1.78166129249966
27.1694915254237,23.8082627118644,-1.75814498793879
27.4745762711864,23.8082627118644,-1.73516736991398
27.7796610169492,23.8082627118644,-1.71263206190326
28.0847457627119,23.8082627118644,-1.69044543429062
28.3898305084746,23.8082627118644,-1.6685197463004
28.6949152542373,23.8082627118644,-1.64676801805845
29,23.8082627118644,-1.62510326969065
11,24.2518538135593,-2.81129231459687
11.3050847457627,24.2518538135593,-2.79674028410988
11.6101694915254,24.2518538135593,-2.78222723350391
11.9152542372881,24.2518538135593,-2.76784533473164
12.2203389830508,24.2518538135593,-2.75372872813227
12.5254237288136,24.2518538135593,-2.74003583371179
12.8305084745763,24.2518538135593,-2.72693363386399
13.135593220339,24.2518538135593,-2.71458395277238
13.4406779661017,24.2518538135593,-2.70313175755249
13.7457627118644,24.2518538135593,-2.69269549574778
14.0508474576271,24.2518538135593,-2.68335947528907
14.3559322033898,24.2518538135593,-2.67516826838637
14.6610169491525,24.2518538135593,-2.66812199089879
14.9661016949153,24.2518538135593,-2.66213551582563
15.271186440678,24.2518538135593,-2.65702799556507
15.5762711864407,24.2518538135593,-2.65257210167341
15.8813559322034,24.2518538135593,-2.64850054125074
16.1864406779661,24.2518538135593,-2.6445106544145
16.4915254237288,24.2518538135593,-2.64027013684028
16.7966101694915,24.2518538135593,-2.63542365606715
17.1016949152542,24.2518538135593,-2.62960012607486
17.4067796610169,24.2518538135593,-2.62242039523114
17.7118644067797,24.2518538135593,-2.61350510079736
18.0169491525424,24.2518538135593,-2.60248244800018
18.3220338983051,24.2518538135593,-2.58900698707034
18.6271186440678,24.2518538135593,-2.57293254673082
18.9322033898305,24.2518538135593,-2.55427476022925
19.2372881355932,24.2518538135593,-2.5330813273692
19.5423728813559,24.2518538135593,-2.50943769550271
19.8474576271186,24.2518538135593,-2.48347027456646
20.1525423728814,24.2518538135593,-2.45534828620242
20.4576271186441,24.2518538135593,-2.42528429988835
20.7627118644068,24.2518538135593,-2.39353344158389
21.0677966101695,24.2518538135593,-2.3603913064237
21.3728813559322,24.2518538135593,-2.32619065093379
21.6779661016949,24.2518538135593,-2.29129696975557
21.9830508474576,24.2518538135593,-2.25610192852034
22.2881355932203,24.2518538135593,-2.22092461642847
22.5932203389831,24.2518538135593,-2.18593709131776
22.8983050847458,24.2518538135593,-2.15129956317577
23.2033898305085,24.2518538135593,-2.11717055001027
23.5084745762712,24.2518538135593,-2.08370092880948
23.8135593220339,24.2518538135593,-2.05102694431492
24.1186440677966,24.2518538135593,-2.01926368550343
24.4237288135593,24.2518538135593,-1.98849928604622
24.728813559322,24.2518538135593,-1.95879004434055
25.0338983050847,24.2518538135593,-1.93015664013709
25.3389830508475,24.2518538135593,-1.90258662686361
25.6440677966102,24.2518538135593,-1.87605188838562
25.9491525423729,24.2518538135593,-1.85051096679337
26.2542372881356,24.2518538135593,-1.82590836433678
26.5593220338983,24.2518538135593,-1.80216754862807
26.864406779661,24.2518538135593,-1.77919467888437
27.1694915254237,24.2518538135593,-1.7568891245642
27.4745762711864,24.2518538135593,-1.73514988843457
27.7796610169492,24.2518538135593,-1.71387598869778
28.0847457627119,24.2518538135593,-1.69296919046206
28.3898305084746,24.2518538135593,-1.672337147676
28.6949152542373,24.2518538135593,-1.65188827518971
29,24.2518538135593,-1.63153098785332
11,24.6954449152542,-2.78547791048942
11.3050847457627,24.6954449152542,-2.7716651669247
11.6101694915254,24.6954449152542,-2.75789038598913
11.9152542372881,24.6954449152542,-2.74424472238354
12.2203389830508,24.6954449152542,-2.73086129919523
12.5254237288136,24.6954449152542,-2.71789751917836
12.8305084745763,24.6954449152542,-2.70551934747485
13.135593220339,24.6954449152542,-2.69388759101633
13.4406779661017,24.6954449152542,-2.68314619966645
13.7457627118644,24.6954449152542,-2.67341260371685
14.0508474576271,24.6954449152542,-2.66477009384645
14.3559322033898,24.6954449152542,-2.6572622250134
14.6610169491525,24.6954449152542,-2.65088803346351
14.9661016949153,24.6954449152542,-2.64555903497803
15.271186440678,24.6954449152542,-2.64108814822265
15.5762711864407,24.6954449152542,-2.63724162682762
15.8813559322034,24.6954449152542,-2.63374575996696
16.1864406779661,24.6954449152542,-2.63029146983203
16.4915254237288,24.6954449152542,-2.62654003417239
16.7966101694915,24.6954449152542,-2.62212970260101
17.1016949152542,24.6954449152542,-2.61668297117161
17.4067796610169,24.6954449152542,-2.60981427032583
17.7118644067797,24.6954449152542,-2.60113781939901
18.0169491525424,24.6954449152542,-2.59027540569171
18.3220338983051,24.6954449152542,-2.57687587590129
18.6271186440678,24.6954449152542,-2.56079860130617
18.9322033898305,24.6954449152542,-2.54207370880849
19.2372881355932,24.6954449152542,-2.52076363975223
19.5423728813559,24.6954449152542,-2.49696858302986
19.8474576271186,24.6954449152542,-2.47082969011845
20.1525423728814,24.6954449152542,-2.44253092420042
20.4576271186441,24.6954449152542,-2.41229959629394
20.7627118644068,24.6954449152542,-2.38040557389906
21.0677966101695,24.6954449152542,-2.34715919369088
21.3728813559322,24.6954449152542,-2.31290795373582
21.6779661016949,24.6954449152542,-2.2780320902157
21.9830508474576,24.6954449152542,-2.2429379295297
22.2881355932203,24.6954449152542,-2.20795274574368
22.5932203389831,24.6954449152542,-2.17324567432624
22.8983050847458,24.6954449152542,-2.13897291047458
23.2033898305085,24.6954449152542,-2.10528895740614
23.5084745762712,24.6954449152542,-2.07234067731881
23.8135593220339,24.6954449152542,-2.04026030016378
24.1186440677966,24.6954449152542,-2.00915890012752
24.4237288135593,24.6954449152542,-1.97912059609094
24.728813559322,24.6954449152542,-1.95019767166094
25.0338983050847,24.6954449152542,-1.92240679179787
25.3389830508475,24.6954449152542,-1.89573149513915
25.6440677966102,24.6954449152542,-1.87013965075997
25.9491525423729,24.6954449152542,-1.84558578596023
26.2542372881356,24.6954449152542,-1.82201038819951
26.5593220338983,24.6954449152542,-1.7993329102997
26.864406779661,24.6954449152542,-1.77745549668759
27.1694915254237,24.6954449152542,-1.75627350203136
27.4745762711864,24.6954449152542,-1.7356819143077
27.7796610169492,24.6954449152542,-1.71557573692857
28.0847457627119,24.6954449152542,-1.69585272021185
28.3898305084746,24.6954449152542,-1.6764165033158
28.6949152542373,24.6954449152542,-1.65717148630019
29,24.6954449152542,-1.63802206922481
11,25.1390360169492,-2.76151582787587
11.3050847457627,25.1390360169492,-2.74834498099549
11.6101694915254,25.1390360169492,-2.73521116409939
11.9152542372881,25.1390360169492,-2.72220459924351
12.2203389830508,25.1390360169492,-2.70945747687029
12.5254237288136,25.1390360169492,-2.697126267089
12.8305084745763,25.1390360169492,-2.68537600239668
13.135593220339,25.1390360169492,-2.67436655708009
13.4406779661017,25.1390360169492,-2.66424094835801
13.7457627118644,25.1390360169492,-2.65511567387718
14.0508474576271,25.1390360169492,-2.64707309167167
14.3559322033898,25.1390360169492,-2.64015582405473
14.6610169491525,25.1390360169492,-2.63436193051044
14.9661016949153,25.1390360169492,-2.62960033879399
15.271186440678,25.1390360169492,-2.62567934458908
15.5762711864407,25.1390360169492,-2.62236044823845
15.8813559322034,25.1390360169492,-2.61936518562861
16.1864406779661,25.1390360169492,-2.61637972566339
16.4915254237288,25.1390360169492,-2.61306059280485
16.7966101694915,25.1390360169492,-2.60904128337843
17.1016949152542,25.1390360169492,-2.60393954015033
17.4067796610169,25.1390360169492,-2.5973650402747
17.7118644067797,25.1390360169492,-2.58892724979933
18.0169491525424,25.1390360169492,-2.57824320273729
18.3220338983051,25.1390360169492,-2.56495755142796
18.6271186440678,25.1390360169492,-2.54893427155421
18.9322033898305,25.1390360169492,-2.53021509762126
19.2372881355932,25.1390360169492,-2.50887427251823
19.5423728813559,25.1390360169492,-2.48502378668267
19.8474576271186,25.1390360169492,-2.45881659313681
20.1525423728814,25.1390360169492,-2.43044845660817
20.4576271186441,25.1390360169492,-2.40015848966003
20.7627118644068,25.1390360169492,-2.36822836133758
21.0677966101695,25.1390360169492,-2.33498020986101
21.3728813559322,25.1390360169492,-2.30077333484187
21.6779661016949,25.1390360169492,-2.2659997740071
21.9830508474576,25.1390360169492,-2.23107759005002
22.2881355932203,25.1390360169492,-2.19634056186353
22.5932203389831,25.1390360169492,-2.16195535691907
22.8983050847458,25.1390360169492,-2.12807481991961
23.2033898305085,25.1390360169492,-2.09485010358833
23.5084745762712,25.1390360169492,-2.06242471962888
23.8135593220339,25.1390360169492,-2.0309275474982
24.1186440677966,25.1390360169492,-2.00046631088851
24.4237288135593,25.1390360169492,-1.97112177818646
24.728813559322,25.1390360169492,-1.94294288250473
25.0338983050847,25.1390360169492,-1.9159429383094
25.3389830508475,25.1390360169492,-1.89010213374365
25.6440677966102,25.1390360169492,-1.86538498738841
25.9491525423729,25.1390360169492,-1.84174267604934
26.2542372881356,25.1390360169492,-1.81911233669177
26.5593220338983,25.1390360169492,-1.79741007164336
26.864406779661,25.1390360169492,-1.77653467483663
27.1694915254237,25.1390360169492,-1.75637815044551
27.4745762711864,25.1390360169492,-1.73683213595246
27.7796610169492,25.1390360169492,-1.71778828427517
28.0847457627119,25.1390360169492,-1.69914099523728
28.3898305084746,25.1390360169492,-1.68079055750282
28.6949152542373,25.1390360169492,-1.66263802063729
29,25.1390360169492,-1.64458443420624
11,25.5826271186441,-2.73961188025552
11.3050847457627,25.5826271186441,-2.72697471868403
11.6101694915254,25.5826271186441,-2.7143737484597
11.9152542372881,25.5826271186441,-2.70189835300136
12.2203389830508,25.5826271186441,-2.68967988411435
12.5254237288136,25.5826271186441,-2.67787397327083
12.8305084745763,25.5826271186441,-2.66664481433071
13.135593220339,25.5826271186441,-2.65615144294365
13.4406779661017,25.5826271186441,-2.64653603769132
13.7457627118644,25.5826271186441,-2.63791425758336
14.0508474576271,25.5826271186441,-2.6303676220167
14.3559322033898,25.5826271186441,-2.6239379146675
14.6610169491525,25.5826271186441,-2.61862233253762
14.9661016949153,25.5826271186441,-2.6143280700139
15.271186440678,25.5826271186441,-2.61086058952089
15.5762711864407,25.5826271186441,-2.60797848771219
15.8813559322034,25.5826271186441,-2.60540039678517
16.1864406779661,25.5826271186441,-2.60280958195456
16.4915254237288,25.5826271186441,-2.59985966399324
16.7966101694915,25.5826271186441,-2.59618123553757
17.1016949152542,25.5826271186441,-2.59138913566459
17.4067796610169,25.5826271186441,-2.58509013783931
17.7118644067797,25.5826271186441,-2.57689080442041
18.0169491525424,25.5826271186441,-2.56640526573182
18.3220338983051,25.5826271186441,-2.55327565661653
18.6271186440678,25.5826271186441,-2.53736951477188
18.9322033898305,25.5826271186441,-2.5187369755824
19.2372881355932,25.5826271186441,-2.49746081682084
19.5423728813559,25.5826271186441,-2.47366156380846
19.8474576271186,25.5826271186441,-2.44750070445115
20.1525423728814,25.5826271186441,-2.41918253836009
20.4576271186441,25.5826271186441,-2.38895471298224
20.7627118644068,25.5826271186441,-2.35710743224646
21.0677966101695,25.5826271186441,-2.32397136925662
21.3728813559322,25.5826271186441,-2.28991435850794
21.6779661016949,25.5826271186441,-2.25533697261102
21.9830508474576,25.5826271186441,-2.22066576113808
22.2881355932203,25.5826271186441,-2.18623914109963
22.5932203389831,25.5826271186441,-2.15222181682785
22.8983050847458,25.5826271186441,-2.11876402063822
23.2033898305085,25.5826271186441,-2.08601429286643
23.5084745762712,25.5826271186441,-2.05411353282866
23.8135593220339,25.5826271186441,-2.02318800759436
24.1186440677966,25.5826271186441,-1.99334282846826
24.4237288135593,25.5826271186441,-1.96465615144955
24.728813559322,25.5826271186441,-1.9371742972634
25.0338983050847,25.5826271186441,-1.91090796798842
25.3389830508475,25.5826271186441,-1.8858347393803
25.6440677966102,25.5826271186441,-1.8619165176325
25.9491525423729,25.5826271186441,-1.83910186716318
26.2542372881356,25.5826271186441,-1.8173253125502
26.5593220338983,25.5826271186441,-1.79650034373372
26.864406779661,25.5826271186441,-1.77652314225879
27.1694915254237,25.5826271186441,-1.75728309991186
27.4745762711864,25.5826271186441,-1.7386692417879
27.7796610169492,25.5826271186441,-1.72057060841711
28.0847457627119,25.5826271186441,-1.70287898723566
28.3898305084746,25.5826271186441,-1.68549205452008
28.6949152542373,25.5826271186441,-1.66830824744841
29,25.5826271186441,-1.6512260031987
11,26.026218220339,-2.71997188112771
11.3050847457627,26.026218220339,-2.70774937235209
11.6101694915254,26.026218220339,-2.69556231969505
11.9152542372881,26.026218220339,-2.68349937134687
12.2203389830508,26.026218220339,-2.67169114388431
12.5254237288136,26.026218220339,-2.66029253355096
12.8305084745763,26.026218220339,-2.64946699897815
13.135593220339,26.026218220339,-2.639372840587
13.4406779661017,26.026218220339,-2.63015150173058
13.7457627118644,26.026218220339,-2.62191790618996
14.0508474576271,26.026218220339,-2.61475283813353
14.3559322033898,26.026218220339,-2.60869734600885
14.6610169491525,26.026218220339,-2.60374789004306
14.9661016949153,26.026218220339,-2.59981087137815
15.271186440678,26.026218220339,-2.59669088787461
15.5762711864407,26.026218220339,-2.59414566705512
15.8813559322034,26.026218220339,-2.59189297198615
16.1864406779661,26.026218220339,-2.5896151987515
16.4915254237288,26.026218220339,-2.58696509899318
16.7966101694915,26.026218220339,-2.5835723962166
17.1016949152542,26.026218220339,-2.57905106036792
17.4067796610169,26.026218220339,-2.57300699578124
17.7118644067797,26.026218220339,-2.56504589568432
18.0169491525424,26.026218220339,-2.55478102127019
18.3220338983051,26.026218220339,-2.54185383443321
18.6271186440678,26.026218220339,-2.52613428825617
18.9322033898305,26.026218220339,-2.50767739160673
19.2372881355932,26.026218220339,-2.48657086381374
19.5423728813559,26.026218220339,-2.46294017175452
19.8474576271186,26.026218220339,-2.43695174489104
20.1525423728814,26.026218220339,-2.40881482439058
20.4576271186441,26.026218220339,-2.37878199925617
20.7627118644068,26.026218220339,-2.34714841497275
21.0677966101695,26.026218220339,-2.31424968620027
21.3728813559322,26.026218220339,-2.28045858899003
21.6779661016949,26.026218220339,-2.24618063750872
21.9830508474576,26.026218220339,-2.21184729385066
22.2881355932203,26.026218220339,-2.17779955976362
22.5932203389831,26.026218220339,-2.14420073178417
22.8983050847458,26.026218220339,-2.11119924175776
23.2033898305085,26.026218220339,-2.07894182955004
23.5084745762712,26.026218220339,-2.04756759400712
23.8135593220339,26.026218220339,-2.01720100172843
24.1186440677966,26.026218220339,-1.98794536354867
24.4237288135593,26.026218220339,-1.95987703499696
24.728813559322,26.026218220339,-1.93304053632845
25.0338983050847,26.026218220339,-1.90744476915169
25.3389830508475,26.026218220339,-1.88306550875234
25.6440677966102,26.026218220339,-1.85986286085381
25.9491525423729,26.026218220339,-1.83778358940422
26.2542372881356,26.026218220339,-1.8167604185114
26.5593220338983,26.026218220339,-1.79670503764545
26.864406779661,26.026218220339,-1.7775118278814
27.1694915254237,26.026218220339,-1.75906838053564
27.4745762711864,26.026218220339,-1.74126192023309
27.7796610169492,26.026218220339,-1.72397968703393
28.0847457627119,26.026218220339,-1.70711166790428
28.3898305084746,26.026218220339,-1.69055373865062
28.6949152542373,26.026218220339,-1.67420253598096
29,26.026218220339,-1.65795469660329
11,26.4698093220339,-2.70280164399175
11.3050847457627,26.4698093220339,-2.69086393436143
11.6101694915254,26.4698093220339,-2.67896105843046
11.9152542372881,26.4698093220339,-2.66718104196983
12.2203389830508,26.4698093220339,-2.65565387913707
12.5254237288136,26.4698093220339,-2.6445338437565
12.8305084745763,26.4698093220339,-2.63398377204024
13.135593220339,26.4698093220339,-2.6241613419901
13.4406779661017,26.4698093220339,-2.61520737453995
13.7457627118644,26.4698093220339,-2.60723617105159
14.0508474576271,26.4698093220339,-2.60032789327413
14.3559322033898,26.4698093220339,-2.59452296723593
14.6610169491525,26.4698093220339,-2.58981725352479
14.9661016949153,26.4698093220339,-2.58611738562715
15.271186440678,26.4698093220339,-2.58322924450679
15.5762711864407,26.4698093220339,-2.58091190807354
15.8813559322034,26.4698093220339,-2.57888448978103
16.1864406779661,26.4698093220339,-2.57683073610022
16.4915254237288,26.4698093220339,-2.57440474906025
16.7966101694915,26.4698093220339,-2.5712376025537
17.1016949152542,26.4698093220339,-2.56694461691389
17.4067796610169,26.4698093220339,-2.56113304686207
17.7118644067797,26.4698093220339,-2.55340993601314
18.0169491525424,26.4698093220339,-2.5433898959473
18.3220338983051,26.4698093220339,-2.53071572784416
18.6271186440678,26.4698093220339,-2.51525854930402
18.9322033898305,26.4698093220339,-2.4970743946091
19.2372881355932,26.4698093220339,-2.47625200465058
19.5423728813559,26.4698093220339,-2.45291786786814
19.8474576271186,26.4698093220339,-2.4272394352861
20.1525423728814,26.4698093220339,-2.39942696963407
20.4576271186441,26.4698093220339,-2.36973408147744
20.7627118644068,26.4698093220339,-2.33845693786348
21.0677966101695,26.4698093220339,-2.3059321750145
21.3728813559322,26.4698093220339,-2.27253359054414
21.6779661016949,26.4698093220339,-2.23866772018143
21.9830508474576,26.4698093220339,-2.20476703924452
22.2881355932203,26.4698093220339,-2.17117289416711
22.5932203389831,26.4698093220339,-2.13804777951963
22.8983050847458,26.4698093220339,-2.10553921240559
23.2033898305085,26.4698093220339,-2.07379301794873
23.5084745762712,26.4698093220339,-2.04294738025323
23.8135593220339,26.4698093220339,-2.0131258511766
24.1186440677966,26.4698093220339,-1.9844308268116
24.4237288135593,26.4698093220339,-1.95693774794545
24.728813559322,26.4698093220339,-1.93069022009135
25.0338983050847,26.4698093220339,-1.90569623011595
25.3389830508475,26.4698093220339,-1.88193063856297
25.6440677966102,26.4698093220339,-1.8593526364139
25.9491525423729,26.4698093220339,-1.83790807287494
26.2542372881356,26.4698093220339,-1.817528757312
26.5593220338983,26.4698093220339,-1.79812546445324
26.864406779661,26.4698093220339,-1.77959166063176
27.1694915254237,26.4698093220339,-1.76181402242205
27.4745762711864,26.4698093220339,-1.7446788597071
27.7796610169492,26.4698093220339,-1.72807249780516
28.0847457627119,26.4698093220339,-1.71188400894043
28.3898305084746,26.4698093220339,-1.69600835417746
28.6949152542373,26.4698093220339,-1.68034125548233
29,26.4698093220339,-1.66477843482113
11,26.9134004237288,-2.68830741868884
11.3050847457627,26.9134004237288,-2.67651383341573
11.6101694915254,26.9134004237288,-2.6647545816328
11.9152542372881,26.9134004237288,-2.6531171889019
12.2203389830508,26.9134004237288,-2.6417311491714
12.5254237288136,26.9134004237288,-2.63075023605647
12.8305084745763,26.9134004237288,-2.62033678556005
13.135593220339,26.9134004237288,-2.61064797547483
13.4406779661017,26.9134004237288,-2.60182412652549
13.7457627118644,26.9134004237288,-2.59397903986469
14.0508474576271,26.9134004237288,-2.58719237703238
14.3559322033898,26.9134004237288,-2.58150406384776
14.6610169491525,26.9134004237288,-2.5769095098227
14.9661016949153,26.9134004237288,-2.57331669184317
15.271186440678,26.9134004237288,-2.57053510061584
15.5762711864407,26.9134004237288,-2.56832756891562
15.8813559322034,26.9134004237288,-2.56641696506119
16.1864406779661,26.9134004237288,-2.56449079038855
16.4915254237288,26.9134004237288,-2.56220690179192
16.7966101694915,26.9134004237288,-2.55920012802892
17.1016949152542,26.9134004237288,-2.55508954429792
17.4067796610169,26.9134004237288,-2.54948616018523
17.7118644067797,26.9134004237288,-2.54200077417082
18.0169491525424,26.9134004237288,-2.53225175269992
18.3220338983051,26.9134004237288,-2.51988541615748
18.6271186440678,26.9134004237288,-2.50477269155429
18.9322033898305,26.9134004237288,-2.48696646984621
19.2372881355932,26.9134004237288,-2.4665522668269
19.5423728813559,26.9134004237288,-2.44365334583851
19.8474576271186,26.9134004237288,-2.41843393280779
20.1525423728814,26.9134004237288,-2.39110106536685
20.4576271186441,26.9134004237288,-2.36190512898353
20.7627118644068,26.9134004237288,-2.33113906560757
21.0677966101695,26.9134004237288,-2.29913628636374
21.3728813559322,26.9134004237288,-2.26626736376815
21.6779661016949,26.9134004237288,-2.2329356084523
21.9830508474576,26.9134004237288,-2.19957028471832
22.2881355932203,26.9134004237288,-2.16651065696362
22.5932203389831,26.9134004237288,-2.1339190741077
22.8983050847458,26.9134004237288,-2.10194309805095
23.2033898305085,26.9134004237288,-2.07072859871398
23.5084745762712,26.9134004237288,-2.04041380499784
23.8135593220339,26.9134004237288,-2.0111223135569
24.1186440677966,26.9134004237288,-1.98295656528081
24.4237288135593,26.9134004237288,-1.95599204575364
24.728813559322,26.9134004237288,-1.93027240528547
25.0338983050847,26.9134004237288,-1.90580567553983
25.3389830508475,26.9134004237288,-1.88256676185728
25.6440677966102,26.9134004237288,-1.86051490001621
25.9491525423729,26.9134004237288,-1.83959598401969
26.2542372881356,26.9134004237288,-1.81974186803047
26.5593220338983,26.9134004237288,-1.80086337157361
26.864406779661,26.9134004237288,-1.78285400577907
27.1694915254237,26.9134004237288,-1.76560049201821
27.4745762711864,26.9134004237288,-1.74898918497088
27.7796610169492,26.9134004237288,-1.73290645475222
28.0847457627119,26.9134004237288,-1.71724141838328
28.3898305084746,26.9134004237288,-1.70188908172549
28.6949152542373,26.9134004237288,-1.68674521154181
29,26.9134004237288,-1.67170557459518
11,27.3569915254237,-2.67670117283806
11.3050847457627,27.3569915254237,-2.66490021599649
11.6101694915254,27.3569915254237,-2.65313322404682
11.9152542372881,27.3569915254237,-2.64148735395262
12.2203389830508,27.3569915254237,-2.63009173106395
12.5254237288136,27.3569915254237,-2.61909976039772
12.8305084745763,27.3569915254237,-2.60867340935857
13.135593220339,27.3569915254237,-2.5989694871409
13.4406779661017,27.3569915254237,-2.59012794587113
13.7457627118644,27.3569915254237,-2.58226221810359
14.0508474576271,27.3569915254237,-2.57545159678
14.3559322033898,27.3569915254237,-2.56973563912123
14.6610169491525,27.3569915254237,-2.56510946355458
14.9661016949153,27.3569915254237,-2.56148358688634
15.271186440678,27.3569915254237,-2.55867361517804
15.5762711864407,27.3569915254237,-2.55644872550739
15.8813559322034,27.3569915254237,-2.55453813049585
16.1864406779661,27.3569915254237,-2.55263567578223
16.4915254237288,27.3569915254237,-2.55040556256353
16.7966101694915,27.3569915254237,-2.54748896390018
17.1016949152542,27.3569915254237,-2.54351129929332
17.4067796610169,27.3569915254237,-2.53808992263207
17.7118644067797,27.3569915254237,-2.53084197669918
18.0169491525424,27.3569915254237,-2.52139217224268
18.3220338983051,27.3569915254237,-2.50939269645909
18.6271186440678,27.3569915254237,-2.49471282642368
18.9322033898305,27.3569915254237,-2.47739782035266
19.2372881355932,27.3569915254237,-2.45752539561613
19.5423728813559,27.3569915254237,-2.43521101713266
19.8474576271186,27.3569915254237,-2.41061111240547
20.1525423728814,27.3569915254237,-2.38392492064309
20.4576271186441,27.3569915254237,-2.35539502888981
20.7627118644068,27.3569915254237,-2.32530658067181
21.0677966101695,27.3569915254237,-2.2939851886903
21.3728813559322,27.3569915254237,-2.26179362703782
21.6779661016949,27.3569915254237,-2.22912740792233
21.9830508474576,27.3569915254237,-2.19640803544859
22.2881355932203,27.3569915254237,-2.16397007858451
22.5932203389831,27.3569915254237,-2.13197644739972
22.8983050847458,27.3569915254237,-2.10057578194094
23.2033898305085,27.3569915254237,-2.06991503027512
23.5084745762712,27.3569915254237,-2.04013349944967
23.8135593220339,27.3569915254237,-2.01135586426527
24.1186440677966,27.3569915254237,-1.98368564375793
24.4237288135593,27.3569915254237,-1.95719940165805
24.728813559322,27.3569915254237,-1.93194186642206
25.0338983050847,27.3569915254237,-1.90792214785982
25.3389830508475,27.3569915254237,-1.88511622945826
25.6440677966102,27.3569915254237,-1.86348442514207
25.9491525423729,27.3569915254237,-1.84297370706069
26.2542372881356,27.3569915254237,-1.82351700752319
26.5593220338983,27.3569915254237,-1.80502622420099
26.864406779661,27.3569915254237,-1.78739594637039
27.1694915254237,27.3569915254237,-1.77051397354907
27.4745762711864,27.3569915254237,-1.75426773856325
27.7796610169492,27.3569915254237,-1.73854468967438
28.0847457627119,27.3569915254237,-1.72323502204987
28.3898305084746,27.3569915254237,-1.7082348196975
28.6949152542373,27.3569915254237,-1.69344092752655
29,27.3569915254237,-1.67875019044631
11,27.8005826271186,-2.66820434101246
11.3050847457627,27.8005826271186,-2.65623369553924
11.6101694915254,27.8005826271186,-2.64429678737129
11.9152542372881,27.8005826271186,-2.63248054588552
12.2203389830508,27.8005826271186,-2.62091386884538
12.5254237288136,27.8005826271186,-2.60974993368112
12.8305084745763,27.8005826271186,-2.59915048021076
13.135593220339,27.8005826271186,-2.58927209004206
13.4406779661017,27.8005826271186,-2.58025448771478
13.7457627118644,27.8005826271186,-2.57221087819665
14.0508474576271,27.8005826271186,-2.56522032684272
14.3559322033898,27.8005826271186,-2.55932216328723
14.6610169491525,27.8005826271186,-2.55451138629219
14.9661016949153,27.8005826271186,-2.55070233457081
15.271186440678,27.8005826271186,-2.54771941412369
15.5762711864407,27.8005826271186,-2.5453409207289
15.8813559322034,27.8005826271186,-2.54330518570828
16.1864406779661,27.8005826271186,-2.541315173401
16.4915254237288,27.8005826271186,-2.53904420370444
16.7966101694915,27.8005826271186,-2.53614256837939
17.1016949152542,27.8005826271186,-2.53224480562738
17.4067796610169,27.8005826271186,-2.52697738803789
17.7118644067797,27.8005826271186,-2.51996657709405
18.0169491525424,27.8005826271186,-2.51084620224425
18.3220338983051,27.8005826271186,-2.49927683278893
18.6271186440678,27.8005826271186,-2.48512453228291
18.9322033898305,27.8005826271186,-2.46842211611703
19.2372881355932,27.8005826271186,-2.44923460324565
19.5423728813559,27.8005826271186,-2.42766476017164
19.8474576271186,27.8005826271186,-2.40385631598247
20.1525423728814,27.8005826271186,-2.37799581147094
20.4576271186441,27.8005826271186,-2.35031313526563
20.7627118644068,27.8005826271186,-2.32108073247697
21.0677966101695,27.8005826271186,-2.29061151739045
21.3728813559322,27.8005826271186,-2.25925556568289
21.6779661016949,27.8005826271186,-2.22739569114651
21.9830508474576,27.8005826271186,-2.19544076356583
22.2881355932203,27.8005826271186,-2.16371785641516
22.5932203389831,27.8005826271186,-2.13239119820104
22.8983050847458,27.8005826271186,-2.10161161427668
23.2033898305085,27.8005826271186,-2.07152823801551
23.5084745762712,27.8005826271186,-2.04228256177143
23.8135593220339,27.8005826271186,-2.01400144565162
24.1186440677966,27.8005826271186,-1.98679059399857
24.4237288135593,27.8005826271186,-1.96072875584917
24.728813559322,27.8005826271186,-1.93586284496635
25.0338983050847,27.8005826271186,-1.91220415646643
25.3389830508475,27.8005826271186,-1.88973085914285
25.6440677966102,27.8005826271186,-1.86840545222678
25.9491525423729,27.8005826271186,-1.84817709317415
26.2542372881356,27.8005826271186,-1.82898089960053
26.5593220338983,27.8005826271186,-1.8107309544838
26.864406779661,27.8005826271186,-1.79332403240677
27.1694915254237,27.8005826271186,-1.77665011819361
27.4745762711864,27.8005826271186,-1.76059882997701
27.7796610169492,27.8005826271186,-1.74505980132493
28.0847457627119,27.8005826271186,-1.72992541271126
28.3898305084746,27.8005826271186,-1.71509393345025
28.6949152542373,27.8005826271186,-1.70046439375769
29,27.8005826271186,-1.68593582384935
11,28.2441737288136,-2.66304604642963
11.3050847457627,28.2441737288136,-2.65073257412401
11.6101694915254,28.2441737288136,-2.63845276194944
11.9152542372881,28.2441737288136,-2.62629346210865
12.2203389830508,28.2441737288136,-2.61438349519083
12.5254237288136,28.2441737288136,-2.60287596145204
12.8305084745763,28.2441737288136,-2.59193252353609
13.135593220339,28.2441737288136,-2.58170968587651
13.4406779661017,28.2441737288136,-2.57234709583887
13.7457627118644,28.2441737288136,-2.56395788121668
14.0508474576271,28.2441737288136,-2.55662103019076
14.3559322033898,28.2441737288136,-2.55037579522117
14.6610169491525,28.2441737288136,-2.54521723825182
14.9661016949153,28.2441737288136,-2.54106488735523
15.271186440678,28.2441737288136,-2.53775481202757
15.5762711864407,28.2441737288136,-2.53507738610468
15.8813559322034,28.2441737288136,-2.53278301896619
16.1864406779661,28.2441737288136,-2.53058675300907
16.4915254237288,28.2441737288136,-2.52817398618848
16.7966101694915,28.2441737288136,-2.52520708832299
17.1016949152542,28.2441737288136,-2.52133267567192
17.4067796610169,28.2441737288136,-2.51618929888253
17.7118644067797,28.2441737288136,-2.50941529749575
18.0169491525424,28.2441737288136,-2.50065657901775
18.3220338983051,28.2441737288136,-2.48958477783145
18.6271186440678,28.2441737288136,-2.4760610761472
18.9322033898305,28.2441737288136,-2.46010071577241
19.2372881355932,28.2441737288136,-2.4417507905874
19.5423728813559,28.2441737288136,-2.421096142021
19.8474576271186,28.2441737288136,-2.39826257408665
20.1525423728814,28.2441737288136,-2.37341870250309
20.4576271186441,28.2441737288136,-2.34677649082485
20.7627118644068,28.2441737288136,-2.31859045908835
21.0677966101695,28.2441737288136,-2.28915559650501
21.3728813559322,28.2441737288136,-2.25880405367762
21.6779661016949,28.2441737288136,-2.22790071932434
21.9830508474576,28.2441737288136,-2.19683662984509
22.2881355932203,28.2441737288136,-2.16592837648545
22.5932203389831,28.2441737288136,-2.1353423139615
22.8983050847458,28.2441737288136,-2.10523263390376
23.2033898305085,28.2441737288136,-2.07575183596297
23.5084745762712,28.2441737288136,-2.04704477877035
23.8135593220339,28.2441737288136,-2.01924168871038
24.1186440677966,28.2441737288136,-1.99245163640287
24.4237288135593,28.2441737288136,-1.96675673716202
24.728813559322,28.2441737288136,-1.94220727102807
25.0338983050847,28.2441737288136,-1.91881789939466
25.3389830508475,28.2441737288136,-1.89657015733252
25.6440677966102,28.2441737288136,-1.87542991035017
25.9491525423729,28.2441737288136,-1.85534968218081
26.2542372881356,28.2441737288136,-1.83626795671734
26.5593220338983,28.2441737288136,-1.81810218321497
26.864406779661,28.2441737288136,-1.80075250253379
27.1694915254237,28.2441737288136,-1.7841122657753
27.4745762711864,28.2441737288136,-1.7680744573495
27.7796610169492,28.2441737288136,-1.75253207710166
28.0847457627119,28.2441737288136,-1.73738087178298
28.3898305084746,28.2441737288136,-1.72252247698503
28.6949152542373,28.2441737288136,-1.7078592892009
29,28.2441737288136,-1.69329370492368
11,28.6877648305085,-2.66146990370576
11.3050847457627,28.6877648305085,-2.64862964522946
11.6101694915254,28.6877648305085,-2.63582312952319
11.9152542372881,28.6877648305085,-2.62313729142866
12.2203389830508,28.6877648305085,-2.61070103417408
12.5254237288136,28.6877648305085,-2.59866754065449
12.8305084745763,28.6877648305085,-2.58719855615266
13.135593220339,28.6877648305085,-2.57645066774115
13.4406779661017,28.6877648305085,-2.56656360542448
13.7457627118644,28.6877648305085,-2.55765057963516
14.0508474576271,28.6877648305085,-2.54979066119301
14.3559322033898,28.6877648305085,-2.54302318519706
14.6610169491525,28.6877648305085,-2.53734347104836
14.9661016949153,28.6877648305085,-2.53267768909688
15.271186440678,28.6877648305085,-2.5288766148631
15.5762711864407,28.6877648305085,-2.52574584455791
15.8813559322034,28.6877648305085,-2.52305100993598
16.1864406779661,28.6877648305085,-2.52052237576932
16.4915254237288,28.6877648305085,-2.51786056238813
16.7966101694915,28.6877648305085,-2.51474316198602
17.1016949152542,28.6877648305085,-2.51083201319736
17.4067796610169,28.6877648305085,-2.50578088904445
17.7118644067797,28.6877648305085,-2.49924335144325
18.0169491525424,28.6877648305085,-2.49088053027498
18.3220338983051,28.6877648305085,-2.48037797566972
18.6271186440678,28.6877648305085,-2.46759021643038
18.9322033898305,28.6877648305085,-2.45250946935051
19.2372881355932,28.6877648305085,-2.43515934991192
19.5423728813559,28.6877648305085,-2.41560122114493
19.8474576271186,28.6877648305085,-2.39393740866448
20.1525423728814,28.6877648305085,-2.37031304979082
20.4576271186441,28.6877648305085,-2.34491662967998
20.7627118644068,28.6877648305085,-2.31797918996986
21.0677966101695,28.6877648305085,-2.28977224147341
21.3728813559322,28.6877648305085,-2.26060445639488
21.6779661016949,28.6877648305085,-2.23081724505397
21.9830508474576,28.6877648305085,-2.20077828646001
22.2881355932203,28.6877648305085,-2.17079051622389
22.5932203389831,28.6877648305085,-2.14102327352958
22.8983050847458,28.6877648305085,-2.11163537106643
23.2033898305085,28.6877648305085,-2.08278392954399
23.5084745762712,28.6877648305085,-2.05461842865228
23.8135593220339,28.6877648305085,-2.02727371583461
24.1186440677966,28.6877648305085,-2.0008634827696
24.4237288135593,28.6877648305085,-1.97547446583024
24.728813559322,28.6877648305085,-1.9511615661156
25.0338983050847,28.6877648305085,-1.92794406607813
25.3389830508475,28.6877648305085,-1.90580812184739
25.6440677966102,28.6877648305085,-1.88472421999067
25.9491525423729,28.6877648305085,-1.86464950530002
26.2542372881356,28.6877648305085,-1.84552708272713
26.5593220338983,28.6877648305085,-1.82727902258603
26.864406779661,28.6877648305085,-1.80981008679564
27.1694915254237,28.6877648305085,-1.79301824751624
27.4745762711864,28.6877648305085,-1.77680111021666
27.7796610169492,28.6877648305085,-1.76105629580098
28.0847457627119,28.6877648305085,-1.74568417207921
28.3898305084746,28.6877648305085,-1.73059099570173
28.6949152542373,28.6877648305085,-1.71568378422045
29,28.6877648305085,-1.70086955518727
11,29.1313559322034,-2.66373238068788
11.3050847457627,29.1313559322034,-2.65017055556505
11.6101694915254,29.1313559322034,-2.63664272506522
11.9152542372881,29.1313559322034,-2.62323607588306
12.2203389830508,29.1313559322034,-2.61007976309975
12.5254237288136,29.1313559322034,-2.59732722146327
12.8305084745763,29.1313559322034,-2.5851404481094
13.135593220339,29.1313559322034,-2.57367628196363
13.4406779661017,29.1313559322034,-2.56307470488347
13.7457627118644,29.1313559322034,-2.55344917915437
14.0508474576271,29.1313559322034,-2.54487902744914
14.3559322033898,29.1313559322034,-2.53740383671976
14.6610169491525,29.1313559322034,-2.53101938952754
14.9661016949153,29.1313559322034,-2.52566003688385
15.271186440678,29.1313559322034,-2.52119448183453
15.5762711864407,29.1313559322034,-2.51744687224259
15.8813559322034,29.1313559322034,-2.51420139151485
16.1864406779661,29.1313559322034,-2.51120685607543
16.4915254237288,29.1313559322034,-2.50818243790669
16.7966101694915,29.1313559322034,-2.50482428085437
17.1016949152542,29.1313559322034,-2.50081277520497
17.4067796610169,29.1313559322034,-2.49582024563292
17.7118644067797,29.1313559322034,-2.48951880570631
18.0169491525424,29.1313559322034,-2.48158813695852
18.3220338983051,29.1313559322034,-2.47173072361763
18.6271186440678,29.1313559322034,-2.45979256477713
18.9322033898305,29.1313559322034,-2.44573708011387
19.2372881355932,29.1313559322034,-2.42955852672056
19.5423728813559,29.1313559322034,-2.41128890923841
19.8474576271186,29.1313559322034,-2.39100119489326
20.1525423728814,29.1313559322034,-2.36881116261626
20.4576271186441,29.1313559322034,-2.34487793917432
20.7627118644068,29.1313559322034,-2.31940320781626
21.0677966101695,29.1313559322034,-2.29262912096589
21.3728813559322,29.1313559322034,-2.2648349924384
21.6779661016949,29.1313559322034,-2.23633287416435
21.9830508474576,29.1313559322034,-2.20746123881507
22.2881355932203,29.1313559322034,-2.17850600628979
22.5932203389831,29.1313559322034,-2.14964040898458
22.8983050847458,29.1313559322034,-2.12102920923975
23.2033898305085,29.1313559322034,-2.09283547741585
23.5084745762712,29.1313559322034,-2.0652146428539
23.8135593220339,29.1313559322034,-2.03830750264819
24.1186440677966,29.1313559322034,-2.01223369812832
24.4237288135593,29.1313559322034,-1.98708591531829
24.728813559322,29.1313559322034,-1.96292500496813
25.0338983050847,29.1313559322034,-1.93977619918131
25.3389830508475,29.1313559322034,-1.91763160373835
25.6440677966102,29.1313559322034,-1.89646765485756
25.9491525423729,29.1313559322034,-1.87624744698195
26.2542372881356,29.1313559322034,-1.85692003471423
26.5593220338983,29.1313559322034,-1.83841343801938
26.864406779661,29.1313559322034,-1.82063836846733
27.1694915254237,29.1313559322034,-1.80349874786936
27.4745762711864,29.1313559322034,-1.78689813134526
27.7796610169492,29.1313559322034,-1.77074008945013
28.0847457627119,29.1313559322034,-1.75493093964495
28.3898305084746,29.1313559322034,-1.7393828882311
28.6949152542373,29.1313559322034,-1.72400890241146
29,29.1313559322034,-1.70872194938894
11,29.5749470338983,-2.67007626571847
11.3050847457627,29.5749470338983,-2.65558727233572
11.6101694915254,29.5749470338983,-2.6411327040437
11.9152542372881,29.5749470338983,-2.62680017800478
12.2203389830508,29.5749470338983,-2.61271927976787
12.5254237288136,29.5749470338983,-2.59904387454868
12.8305084745763,29.5749470338983,-2.58593638995068
13.135593220339,29.5749470338983,-2.5735540953671
13.4406779661017,29.5749470338983,-2.56203740312317
13.7457627118644,29.5749470338983,-2.55150020597206
14.0508474576271,29.5749470338983,-2.54202225705428
14.3559322033898,29.5749470338983,-2.53364357378956
14.6610169491525,29.5749470338983,-2.52636061903055
14.9661016949153,29.5749470338983,-2.5201175482997
15.271186440678,29.5749470338983,-2.51480439264154
15.5762711864407,29.5749470338983,-2.51026736580815
15.8813559322034,29.5749470338983,-2.50631271709541
16.1864406779661,29.5749470338983,-2.50271132881653
16.4915254237288,29.5749470338983,-2.4992044388429
16.7966101694915,29.5749470338983,-2.49551025690935
17.1016949152542,29.5749470338983,-2.49133123919143
17.4067796610169,29.5749470338983,-2.48636177625266
17.7118644067797,29.5749470338983,-2.48029604755018
18.0169491525424,29.5749470338983,-2.47283580050642
18.3220338983051,29.5749470338983,-2.46370363948452
18.6271186440678,29.5749470338983,-2.45273505332757
18.9322033898305,29.5749470338983,-2.43985857182049
19.2372881355932,29.5749470338983,-2.42503288701015
19.5423728813559,29.5749470338983,-2.4082544384919
19.8474576271186,29.5749470338983,-2.38956062844575
20.1525423728814,29.5749470338983,-2.36903167075697
20.4576271186441,29.5749470338983,-2.34679112714664
20.7627118644068,29.5749470338983,-2.32300511581771
21.0677966101695,29.5749470338983,-2.29788022414816
21.3728813559322,29.5749470338983,-2.27166020090731
21.6779661016949,29.5749470338983,-2.24462153297988
21.9830508474576,29.5749470338983,-2.21706731281021
22.2881355932203,29.5749470338983,-2.18926289783796
22.5932203389831,29.5749470338983,-2.16138637290124
22.8983050847458,29.5749470338983,-2.13360985239423
23.2033898305085,29.5749470338983,-2.10610375873131
23.5084745762712,29.5749470338983,-2.07903087330733
23.8135593220339,29.5749470338983,-2.05253934527044
24.1186440677966,29.5749470338983,-2.02675616800406
24.4237288135593,29.5749470338983,-2.00178137958606
24.728813559322,29.5749470338983,-1.9776831828203
25.0338983050847,29.5749470338983,-1.95449416186409
25.3389830508475,29.5749470338983,-1.93221377455179
25.6440677966102,29.5749470338983,-1.91082580915555
25.9491525423729,29.5749470338983,-1.89030071217223
26.2542372881356,29.5749470338983,-1.87059489025838
26.5593220338983,29.5749470338983,-1.85164371543283
26.864406779661,29.5749470338983,-1.83336525131933
27.1694915254237,29.5749470338983,-1.81567077178301
27.4745762711864,29.5749470338983,-1.79847118399753
27.7796610169492,29.5749470338983,-1.78167741057179
28.0847457627119,29.5749470338983,-1.76520312102064
28.3898305084746,29.5749470338983,-1.74896787369929
28.6949152542373,29.5749470338983,-1.73289198786447
29,29.5749470338983,-1.71689578277292
11,30.0185381355932,-2.68069574665579
11.3050847457627,30.0185381355932,-2.6650631622622
11.6101694915254,30.0185381355932,-2.64946562144257
11.9152542372881,30.0185381355932,-2.63399135984256
12.2203389830508,30.0185381355932,-2.6187705814943
12.5254237288136,30.0185381355932,-2.60395777009676
12.8305084745763,30.0185381355932,-2.58971597173667
13.135593220339,30.0185381355932,-2.57620307429049
13.4406779661017,30.0185381355932,-2.56356010856671
13.7457627118644,30.0185381355932,-2.55190158580175
14.0508474576271,30.0185381355932,-2.54130787761937
14.3559322033898,30.0185381355932,-2.53181961992254
14.6610169491525,30.0185381355932,-2.52343418441434
14.9661016949153,30.0185381355932,-2.51610724044376
15.271186440678,30.0185381355932,-2.50975372649961
15.5762711864407,30.0185381355932,-2.50424562141984
15.8813559322034,30.0185381355932,-2.49941493958613
16.1864406779661,30.0185381355932,-2.49505832839755
16.4915254237288,30.0185381355932,-2.49094279081131
16.7966101694915,30.0185381355932,-2.48681230164809
17.1016949152542,30.0185381355932,-2.48239508216928
17.4067796610169,30.0185381355932,-2.4774112880242
17.7118644067797,30.0185381355932,-2.47158086375587
18.0169491525424,30.0185381355932,-2.46463132187253
18.3220338983051,30.0185381355932,-2.45630874059554
18.6271186440678,30.0185381355932,-2.4464360137376
18.9322033898305,30.0185381355932,-2.43490036774414
19.2372881355932,30.0185381355932,-2.42161839629329
19.5423728813559,30.0185381355932,-2.40654444061165
19.8474576271186,30.0185381355932,-2.38967380451048
20.1525423728814,30.0185381355932,-2.37104460350633
20.4576271186441,30.0185381355932,-2.3507383009515
20.7627118644068,30.0185381355932,-2.32887891668022
21.0677966101695,30.0185381355932,-2.30563093970173
21.3728813559322,30.0185381355932,-2.28119602041658
21.6779661016949,30.0185381355932,-2.25580854734076
21.9830508474576,30.0185381355932,-2.22972973386113
22.2881355932203,30.0185381355932,-2.20320064153894
22.5932203389831,30.0185381355932,-2.17640521737011
22.8983050847458,30.0185381355932,-2.14952440401617
23.2033898305085,30.0185381355932,-2.12273745215889
23.5084745762712,30.0185381355932,-2.09621597146049
23.8135593220339,30.0185381355932,-2.07011693933648
24.1186440677966,30.0185381355932,-2.04457617743767
24.4237288135593,30.0185381355932,-2.01970255210928
24.728813559322,30.0185381355932,-1.99557309442255
25.0338983050847,30.0185381355932,-1.97222921680217
25.3389830508475,30.0185381355932,-1.94967920534987
25.6440677966102,30.0185381355932,-1.92791567660516
25.9491525423729,30.0185381355932,-1.90691790533229
26.2542372881356,30.0185381355932,-1.88665112645516
26.5593220338983,30.0185381355932,-1.86705954025999
26.864406779661,30.0185381355932,-1.8480700386379
27.1694915254237,30.0185381355932,-1.82960272372139
27.4745762711864,30.0185381355932,-1.81157733095148
27.7796610169492,30.0185381355932,-1.79391361120445
28.0847457627119,30.0185381355932,-1.77653406226253
28.3898305084746,30.0185381355932,-1.75936707074829
28.6949152542373,30.0185381355932,-1.74234178418584
29,30.0185381355932,-1.72538735009929
11,30.4621292372881,-2.69570125716718
11.3050847457627,30.4621292372881,-2.67869900774633
11.6101694915254,30.4621292372881,-2.66173262360509
11.9152542372881,30.4621292372881,-2.64489116209474
12.2203389830508,30.4621292372881,-2.62830564895305
12.5254237288136,30.4621292372881,-2.61213138958464
12.8305084745763,30.4621292372881,-2.59653225178185
13.135593220339,30.4621292372881,-2.58166694512682
13.4406779661017,30.4621292372881,-2.56767732213363
13.7457627118644,30.4621292372881,-2.55467871574438
14.0508474576271,30.4621292372881,-2.54275231928845
14.3559322033898,30.4621292372881,-2.53193959037444
14.6610169491525,30.4621292372881,-2.52223905477011
14.9661016949153,30.4621292372881,-2.51361967451956
15.271186440678,30.4621292372881,-2.50602501136236
15.5762711864407,30.4621292372881,-2.49935664905779
15.8813559322034,30.4621292372881,-2.49347620690891
16.1864406779661,30.4621292372881,-2.48820993723612
16.4915254237288,30.4621292372881,-2.48335444791804
16.7966101694915,30.4621292372881,-2.47868331869666
17.1016949152542,30.4621292372881,-2.47395437575476
17.4067796610169,30.4621292372881,-2.46891737966302
17.7118644067797,30.4621292372881,-2.4633218798858
18.0169491525424,30.4621292372881,-2.45692499385274
18.3220338983051,30.4621292372881,-2.4494997542541
18.6271186440678,30.4621292372881,-2.44085428550619
18.9322033898305,30.4621292372881,-2.43082783538348
19.2372881355932,30.4621292372881,-2.41928809921708
19.5423728813559,30.4621292372881,-2.40614051988659
19.8474576271186,30.4621292372881,-2.39133150285622
20.1525423728814,30.4621292372881,-2.37485026529552
20.4576271186441,30.4621292372881,-2.35672937220978
20.7627118644068,30.4621292372881,-2.33704394508619
21.0677966101695,30.4621292372881,-2.31590957458697
21.3728813559322,30.4621292372881,-2.29347901276568
21.6779661016949,30.4621292372881,-2.26993774979127
21.9830508474576,30.4621292372881,-2.24549835592152
22.2881355932203,30.4621292372881,-2.22037371156711
22.5932203389831,30.4621292372881,-2.194754678223
22.8983050847458,30.4621292372881,-2.16883256478449
23.2033898305085,30.4621292372881,-2.14279698816712
23.5084745762712,30.4621292372881,-2.11682992426689
23.8135593220339,30.4621292372881,-2.09109871673309
24.1186440677966,30.4621292372881,-2.0657495534503
24.4237288135593,30.4621292372881,-2.04090166699752
24.728813559322,30.4621292372881,-2.01664245467977
25.0338983050847,30.4621292372881,-1.9930236951555
25.3389830508475,30.4621292372881,-1.97006404076023
25.6440677966102,30.4621292372881,-1.94776647426724
25.9491525423729,30.4621292372881,-1.92612063667456
26.2542372881356,30.4621292372881,-1.90510212913986
26.5593220338983,30.4621292372881,-1.88466551818313
26.864406779661,30.4621292372881,-1.86474806192928
27.1694915254237,30.4621292372881,-1.84528022874458
27.4745762711864,30.4621292372881,-1.82619212030383
27.7796610169492,30.4621292372881,-1.80741385371708
28.0847457627119,30.4621292372881,-1.78887829300033
28.3898305084746,30.4621292372881,-1.77052419100993
28.6949152542373,30.4621292372881,-1.75229106150378
29,30.4621292372881,-1.73411841823975
11,30.9057203389831,-2.71455729837148
11.3050847457627,30.9057203389831,-2.69600645971112
11.6101694915254,30.9057203389831,-2.67749280836922
11.9152542372881,30.9057203389831,-2.65910672373593
12.2203389830508,30.9057203389831,-2.64098055358789
12.5254237288136,30.9057203389831,-2.62327092536856
12.8305084745763,30.9057203389831,-2.60614302890916
13.135593220339,30.9057203389831,-2.58975689583067
13.4406779661017,30.9057203389831,-2.57425570068606
13.7457627118644,30.9057203389831,-2.55975609845625
14.0508474576271,30.9057203389831,-2.54634060450952
14.3559322033898,30.9057203389831,-2.5340519984933
14.6610169491525,30.9057203389831,-2.52289047591006
14.9661016949153,30.9057203389831,-2.51283936730941
15.271186440678,30.9057203389831,-2.50387264092463
15.5762711864407,30.9057203389831,-2.49592331397881
15.8813559322034,30.9057203389831,-2.48888443923881
16.1864406779661,30.9057203389831,-2.48261370248887
16.4915254237288,30.9057203389831,-2.47693914507139
16.7966101694915,30.9057203389831,-2.47166578019219
17.1016949152542,30.9057203389831,-2.46658286749784
17.4067796610169,30.9057203389831,-2.46147160102284
17.7118644067797,30.9057203389831,-2.45611296369537
18.0169491525424,30.9057203389831,-2.45029550640885
18.3220338983051,30.9057203389831,-2.44382084291702
18.6271186440678,30.9057203389831,-2.43648077573582
18.9322033898305,30.9057203389831,-2.42806249112517
19.2372881355932,30.9057203389831,-2.41838063315195
19.5423728813559,30.9057203389831,-2.40728759343156
19.8474576271186,30.9057203389831,-2.39467672616401
20.1525423728814,30.9057203389831,-2.3804841972546
20.4576271186441,30.9057203389831,-2.36468952044443
20.7627118644068,30.9057203389831,-2.34731476595649
21.0677966101695,30.9057203389831,-2.32842247318876
21.3728813559322,30.9057203389831,-2.3081123429306
21.6779661016949,30.9057203389831,-2.28651681408674
21.9830508474576,30.9057203389831,-2.26379568312074
22.2881355932203,30.9057203389831,-2.24013130267731
22.5932203389831,30.9057203389831,-2.21572216207275
22.8983050847458,30.9057203389831,-2.19077095071019
23.2033898305085,30.9057203389831,-2.16547866601294
23.5084745762712,30.9057203389831,-2.14003866438479
23.8135593220339,30.9057203389831,-2.11462966998283
24.1186440677966,30.9057203389831,-2.08940925119943
24.4237288135593,30.9057203389831,-2.06450802112138
24.728813559322,30.9057203389831,-2.04002475756149
25.0338983050847,30.9057203389831,-2.016022619686
25.3389830508475,30.9057203389831,-1.99253164033822
25.6440677966102,30.9057203389831,-1.96956618279923
25.9491525423729,30.9057203389831,-1.94712726857484
26.2542372881356,30.9057203389831,-1.92520187933052
26.5593220338983,30.9057203389831,-1.90375596209406
26.864406779661,30.9057203389831,-1.88273815549814
27.1694915254237,30.9057203389831,-1.86209030841683
27.4745762711864,30.9057203389831,-1.84175390303272
27.7796610169492,30.9057203389831,-1.82167043696365
28.0847457627119,30.9057203389831,-1.80178415473342
28.3898305084746,30.9057203389831,-1.78204518970618
28.6949152542373,30.9057203389831,-1.76240443614759
29,30.9057203389831,-1.74281278832333
11,31.349311440678,-2.73584075424724
11.3050847457627,31.349311440678,-2.71569065191084
11.6101694915254,31.349311440678,-2.69558025887538
11.9152542372881,31.349311440678,-2.67560247651344
12.2203389830508,31.349311440678,-2.65589217458413
12.5254237288136,31.349311440678,-2.63660850251337
12.8305084745763,31.349311440678,-2.61791917211486
13.135593220339,31.349311440678,-2.59998673699202
13.4406779661017,31.349311440678,-2.58295689368029
13.7457627118644,31.349311440678,-2.56694881914305
14.0508474576271,31.349311440678,-2.55204755073103
14.3559322033898,31.349311440678,-2.53829839007414
14.6610169491525,31.349311440678,-2.52570435090906
14.9661016949153,31.349311440678,-2.51426240191678
15.271186440678,31.349311440678,-2.50397381451551
15.5762711864407,31.349311440678,-2.49479978413582
15.8813559322034,31.349311440678,-2.48666154175207
16.1864406779661,31.349311440678,-2.47944495135594
16.4915254237288,31.349311440678,-2.47300623249733
16.7966101694915,31.349311440678,-2.46717857658953
17.1016949152542,31.349311440678,-2.4617794214866
17.4067796610169,31.349311440678,-2.45661813943051
17.7118644067797,31.349311440678,-2.45150389155692
18.0169491525424,31.349311440678,-2.44625340696673
18.3220338983051,31.349311440678,-2.44069382474171
18.6271186440678,31.349311440678,-2.43460071065384
18.9322033898305,31.349311440678,-2.42771177453475
19.2372881355932,31.349311440678,-2.4197912635048
19.5423728813559,31.349311440678,-2.41064117223286
19.8474576271186,31.349311440678,-2.40010445797242
20.1525423728814,31.349311440678,-2.38806688968228
20.4576271186441,31.349311440678,-2.37445758415702
20.7627118644068,31.349311440678,-2.3592482146731
21.0677966101695,31.349311440678,-2.34245092368199
21.3728813559322,31.349311440678,-2.32411501502654
21.6779661016949,31.349311440678,-2.30432253066496
21.9830508474576,31.349311440678,-2.28318313466662
22.2881355932203,31.349311440678,-2.26085025764385
22.5932203389831,31.349311440678,-2.23752984613012
22.8983050847458,31.349311440678,-2.21343562472536
23.2033898305085,31.349311440678,-2.18877962604968
23.5084745762712,31.349311440678,-2.16376624170371
23.8135593220339,31.349311440678,-2.13858523104132
24.1186440677966,31.349311440678,-2.1134051976517
24.4237288135593,31.349311440678,-2.08836778981846
24.728813559322,31.349311440678,-2.06358282055122
25.0338983050847,31.349311440678,-2.03912448421302
25.3389830508475,31.349311440678,-2.01503384884399
25.6440677966102,31.349311440678,-1.99133631292202
25.9491525423729,31.349311440678,-1.96804393314972
26.2542372881356,31.349311440678,-1.94515472638939
26.5593220338983,31.349311440678,-1.92264567486561
26.864406779661,31.349311440678,-1.90047645240789
27.1694915254237,31.349311440678,-1.8785999430871
27.4745762711864,31.349311440678,-1.85696866428265
27.7796610169492,31.349311440678,-1.83553514880919
28.0847457627119,31.349311440678,-1.81425467638732
28.3898305084746,31.349311440678,-1.793088415578
28.6949152542373,31.349311440678,-1.77199829584371
29,31.349311440678,-1.75094624664695
11,31.7929025423729,-2.75799451024879
11.3050847457627,31.7929025423729,-2.73632894326887
11.6101694915254,31.7929025423729,-2.71470753801454
11.9152542372881,31.7929025423729,-2.69322764828305
12.2203389830508,31.7929025423729,-2.67202859625818
12.5254237288136,31.7929025423729,-2.6512739837905
12.8305084745763,31.7929025423729,-2.63113597511836
13.135593220339,31.7929025423729,-2.61178157626985
13.4406779661017,31.7929025423729,-2.59336093620506
13.7457627118644,31.7929025423729,-2.57599768431205
14.0508474576271,31.7929025423729,-2.55978131036619
14.3559322033898,31.7929025423729,-2.54476156842206
14.6610169491525,31.7929025423729,-2.5309460995885
14.9661016949153,31.7929025423729,-2.51834288946424
15.271186440678,31.7929025423729,-2.50697229609982
15.5762711864407,31.7929025423729,-2.496815118291
15.8813559322034,31.7929025423729,-2.48781219037732
16.1864406779661,31.7929025423729,-2.47986897971568
16.4915254237288,31.7929025423729,-2.47286130922115
16.7966101694915,31.7929025423729,-2.46664197367223
17.1016949152542,31.7929025423729,-2.46104801428815
17.4067796610169,31.7929025423729,-2.45590840667609
17.7118644067797,31.7929025423729,-2.45105191533689
18.0169491525424,31.7929025423729,-2.44631487273666
18.3220338983051,31.7929025423729,-2.44154198817225
18.6271186440678,31.7929025423729,-2.43649439144176
18.9322033898305,31.7929025423729,-2.43086988171815
19.2372881355932,31.7929025423729,-2.42439208998378
19.5423728813559,31.7929025423729,-2.41682239476951
19.8474576271186,31.7929025423729,-2.40796313719081
20.1525423728814,31.7929025423729,-2.39765947006847
20.4576271186441,31.7929025423729,-2.38579989405905
20.7627118644068,31.7929025423729,-2.37231546630099
21.0677966101695,31.7929025423729,-2.35717771310776
21.3728813559322,31.7929025423729,-2.34039532218418
21.6779661016949,31.7929025423729,-2.32200971935047
21.9830508474576,31.7929025423729,-2.30209016735184
22.2881355932203,31.7929025423729,-2.2807669180801
22.5932203389831,31.7929025423729,-2.25825227893828
22.8983050847458,31.7929025423729,-2.23476924067988
23.2033898305085,31.7929025423729,-2.21053910207865
23.5084745762712,31.7929025423729,-2.18577552088878
23.8135593220339,31.7929025423729,-2.16067752261776
24.1186440677966,31.7929025423729,-2.13542297700837
24.4237288135593,31.7929025423729,-2.11016279849782
24.728813559322,31.7929025423729,-2.08501606624931
25.0338983050847,31.7929025423729,-2.0600662407795
25.3389830508475,31.7929025423729,-2.03536365628209
25.6440677966102,31.7929025423729,-2.01094297738859
25.9491525423729,31.7929025423729,-1.98682552695521
26.2542372881356,31.7929025423729,-1.96301858799782
26.5593220338983,31.7929025423729,-1.93950840889461
26.864406779661,31.7929025423729,-1.9162639296287
27.1694915254237,31.7929025423729,-1.89324730042453
27.4745762711864,31.7929025423729,-1.87042030481513
27.7796610169492,31.7929025423729,-1.84774474176873
28.0847457627119,31.7929025423729,-1.82518515715954
28.3898305084746,31.7929025423729,-1.80271198570211
28.6949152542373,31.7929025423729,-1.78029642301252
29,31.7929025423729,-1.75790966470685
11,32.2364936440678,-2.77945191832059
11.3050847457627,32.2364936440678,-2.75648623735759
11.6101694915254,32.2364936440678,-2.73357180565192
11.9152542372881,32.2364936440678,-2.71081306453257
12.2203389830508,32.2364936440678,-2.68835642371504
12.5254237288136,32.2364936440678,-2.66637257258165
12.8305084745763,32.2364936440678,-2.64504076290249
13.135593220339,32.2364936440678,-2.62453508823738
13.4406779661017,32.2364936440678,-2.60501278507816
13.7457627118644,32.2364936440678,-2.5866045703446
14.0508474576271,32.2364936440678,-2.56940702134383
14.3559322033898,32.2364936440678,-2.55347697966217
14.6610169491525,32.2364936440678,-2.53882915968496
14.9661016949153,32.2364936440678,-2.52547809964935
15.271186440678,32.2364936440678,-2.51345005270125
15.5762711864407,32.2364936440678,-2.50273167062694
15.8813559322034,32.2364936440678,-2.49326964075651
16.1864406779661,32.2364936440678,-2.48497528343738
16.4915254237288,32.2364936440678,-2.47773027457514
16.7966101694915,32.2364936440678,-2.47139326193885
17.1016949152542,32.2364936440678,-2.46580713973825
17.4067796610169,32.2364936440678,-2.46080673657107
17.7118644067797,32.2364936440678,-2.45622666992866
18.0169491525424,32.2364936440678,-2.45190912526768
18.3220338983051,32.2364936440678,-2.44770366070862
18.6271186440678,32.2364936440678,-2.44336044711012
18.9322033898305,32.2364936440678,-2.43855374283343
19.2372881355932,32.2364936440678,-2.43298328961499
19.5423728813559,32.2364936440678,-2.42638657673973
19.8474576271186,32.2364936440678,-2.41854205607723
20.1525423728814,32.2364936440678,-2.40927099120233
20.4576271186441,32.2364936440678,-2.3984379935257
20.7627118644068,32.2364936440678,-2.38595023093986
21.0677966101695,32.2364936440678,-2.37175534051237
21.3728813559322,32.2364936440678,-2.35583812070212
21.6779661016949,32.2364936440678,-2.3382161080834
21.9830508474576,32.2364936440678,-2.31893480533748
22.2881355932203,32.2364936440678,-2.29811106139382
22.5932203389831,32.2364936440678,-2.27596154482137
22.8983050847458,32.2364936440678,-2.25271535468087
23.2033898305085,32.2364936440678,-2.22859989805326
23.5084745762712,32.2364936440678,-2.20383494099995
23.8135593220339,32.2364936440678,-2.17862561733564
24.1186440677966,32.2364936440678,-2.15315590511033
24.4237288135593,32.2364936440678,-2.12758282706844
24.728813559322,32.2364936440678,-2.10203157068038
25.0338983050847,32.2364936440678,-2.07659170477002
25.3389830508475,32.2364936440678,-2.0513196718383
25.6440677966102,32.2364936440678,-2.02625624482392
25.9491525423729,32.2364936440678,-2.0014288548903
26.2542372881356,32.2364936440678,-1.97685089336054
26.5593220338983,32.2364936440678,-1.95251471692004
26.864406779661,32.2364936440678,-1.92839537385911
27.1694915254237,32.2364936440678,-1.90446112270945
27.4745762711864,32.2364936440678,-1.88067985531126
27.7796610169492,32.2364936440678,-1.85701947894001
28.0847457627119,32.2364936440678,-1.83345064777711
28.3898305084746,32.2364936440678,-1.80994990484434
28.6949152542373,32.2364936440678,-1.78649455406497
29,32.2364936440678,-1.76306189936231
11,32.6800847457627,-2.79961359781458
11.3050847457627,32.6800847457627,-2.77560552883478
11.6101694915254,32.6800847457627,-2.7516583479556
11.9152542372881,32.6800847457627,-2.72788613534932
12.2203389830508,32.6800847457627,-2.70444493957473
12.5254237288136,32.6800847457627,-2.68151508885744
12.8305084745763,32.6800847457627,-2.65928547381083
13.135593220339,32.6800847457627,-2.63793982683801
13.4406779661017,32.6800847457627,-2.6176450232741
13.7457627118644,32.6800847457627,-2.59854141888218
14.0508474576271,32.6800847457627,-2.58073522981267
14.3559322033898,32.6800847457627,-2.56429293649516
14.6610169491525,32.6800847457627,-2.54923868067363
14.9661016949153,32.6800847457627,-2.53558870396503
15.271186440678,32.6800847457627,-2.52336120784999
15.5762711864407,32.6800847457627,-2.51253416779892
15.8813559322034,32.6800847457627,-2.50304559482601
16.1864406779661,32.6800847457627,-2.49479813296277
16.4915254237288,32.6800847457627,-2.48766478179893
16.7966101694915,32.6800847457627,-2.48149551278761
17.1016949152542,32.6800847457627,-2.4761245438227
17.4067796610169,32.6800847457627,-2.471378027186
17.7118644067797,32.6800847457627,-2.467081904053
18.0169491525424,32.6800847457627,-2.46306968356444
18.3220338983051,32.6800847457627,-2.45918234725579
18.6271186440678,32.6800847457627,-2.45516305938076
18.9322033898305,32.6800847457627,-2.45068032128983
19.2372881355932,32.6800847457627,-2.44542815231414
19.5423728813559,32.6800847457627,-2.43913831933331
19.8474576271186,32.6800847457627,-2.4315835518116
20.1525423728814,32.6800847457627,-2.42257939091856
20.4576271186441,32.6800847457627,-2.41198472565953
20.7627118644068,32.6800847457627,-2.39970100152173
21.0677966101695,32.6800847457627,-2.3856701331674
21.3728813559322,32.6800847457627,-2.36987119665013
21.6779661016949,32.6800847457627,-2.35231600613891
21.9830508474576,32.6800847457627,-2.33304437786876
22.2881355932203,32.6800847457627,-2.31217035732571
22.5932203389831,32.6800847457627,-2.28991275445792
22.8983050847458,32.6800847457627,-2.26650329603956
23.2033898305085,32.6800847457627,-2.24217201686504
23.5084745762712,32.6800847457627,-2.21714131070922
23.8135593220339,32.6800847457627,-2.19161893910025
24.1186440677966,32.6800847457627,-2.16579150780158
24.4237288135593,32.6800847457627,-2.13981866727108
24.728813559322,32.6800847457627,-2.11382823269264
25.0338983050847,32.6800847457627,-2.08791240060355
25.3389830508475,32.6800847457627,-2.06213024121822
25.6440677966102,32.6800847457627,-2.03652515518879
25.9491525423729,32.6800847457627,-2.01112720139214
26.2542372881356,32.6800847457627,-1.98595239886483
26.5593220338983,32.6800847457627,-1.9609957320057
26.864406779661,32.6800847457627,-1.93623487681853
27.1694915254237,32.6800847457627,-1.91164071954845
27.4745762711864,32.6800847457627,-1.88718377974912
27.7796610169492,32.6800847457627,-1.86283459240948
28.0847457627119,32.6800847457627,-1.83856643942437
28.3898305084746,32.6800847457627,-1.81435849152903
28.6949152542373,32.6800847457627,-1.79019068036019
29,32.6800847457627,-1.76604293755461
11,33.1236758474576,-2.81903114846415
11.3050847457627,33.1236758474576,-2.79417737294248
11.6101694915254,33.1236758474576,-2.76939567748539
11.9152542372881,33.1236758474576,-2.74481133422912
12.2203389830508,33.1236758474576,-2.72059158369642
12.5254237288136,33.1236758474576,-2.69692794607687
12.8305084745763,33.1236758474576,-2.67402050394779
13.135593220339,33.1236758474576,-2.65206418167626
13.4406779661017,33.1236758474576,-2.63123704656137
13.7457627118644,33.1236758474576,-2.61169064633015
14.0508474576271,33.1236758474576,-2.59354238909696
14.3559322033898,33.1236758474576,-2.57686994725539
14.6610169491525,33.1236758474576,-2.56170830720717
14.9661016949153,33.1236758474576,-2.54807187068693
15.271186440678,33.1236758474576,-2.53596097927761
15.5762711864407,33.1236758474576,-2.52533472273267
15.8813559322034,33.1236758474576,-2.51611222634935
16.1864406779661,33.1236758474576,-2.50817724844224
16.4915254237288,33.1236758474576,-2.50138390288411
16.7966101694915,33.1236758474576,-2.49556327541114
17.1016949152542,33.1236758474576,-2.49053069820028
17.4067796610169,33.1236758474576,-2.4860934378164
17.7118644067797,33.1236758474576,-2.48205854971803
18.0169491525424,33.1236758474576,-2.47824065732897
18.3220338983051,33.1236758474576,-2.47446274727006
18.6271186440678,33.1236758474576,-2.47046401203919
18.9322033898305,33.1236758474576,-2.46592014268327
19.2372881355932,33.1236758474576,-2.46053265732789
19.5423728813559,33.1236758474576,-2.45404082164711
19.8474576271186,33.1236758474576,-2.44622486389964
20.1525423728814,33.1236758474576,-2.43690782404947
20.4576271186441,33.1236758474576,-2.42595608989638
20.7627118644068,33.1236758474576,-2.41327860572204
21.0677966101695,33.1236758474576,-2.39882478498314
21.3728813559322,33.1236758474576,-2.38258120252771
21.6779661016949,33.1236758474576,-2.36456717131918
21.9830508474576,33.1236758474576,-2.34482997435549
22.2881355932203,33.1236758474576,-2.32348855577325
22.5932203389831,33.1236758474576,-2.30076221943725
22.8983050847458,33.1236758474576,-2.27688275282299
23.2033898305085,33.1236758474576,-2.2520802514262
23.5084745762712,33.1236758474576,-2.22657716972305
23.8135593220339,33.1236758474576,-2.20058132994302
24.1186440677966,33.1236758474576,-2.17427939855087
24.4237288135593,33.1236758474576,-2.14783108670579
24.728813559322,33.1236758474576,-2.12136427029298
25.0338983050847,33.1236758474576,-2.09497120655107
25.3389830508475,33.1236758474576,-2.06871102639577
25.6440677966102,33.1236758474576,-2.04262719118055
25.9491525423729,33.1236758474576,-2.0167498204836
26.2542372881356,33.1236758474576,-1.99109499404281
26.5593220338983,33.1236758474576,-1.96565775695833
26.864406779661,33.1236758474576,-1.94041584593525
27.1694915254237,33.1236758474576,-1.91534020792004
27.4745762711864,33.1236758474576,-1.89040142316766
27.7796610169492,33.1236758474576,-1.86557008736838
28.0847457627119,33.1236758474576,-1.84081954311835
28.3898305084746,33.1236758474576,-1.81612902185414
28.6949152542373,33.1236758474576,-1.79147851591379
29,33.1236758474576,-1.76684801763538
11,33.5672669491525,-2.83836001248404
11.3050847457627,33.5672669491525,-2.81279037724545
11.6101694915254,33.5672669491525,-2.78730451777098
11.9152542372881,33.5672669491525,-2.76203940189642
12.2203389830508,33.5672669491525,-2.73717396584406
12.5254237288136,33.5672669491525,-2.71291142550302
12.8305084745763,33.5672669491525,-2.68946355915017
13.135593220339,33.5672669491525,-2.66703698685213
13.4406779661017,33.5672669491525,-2.64582147160752
13.7457627118644,33.5672669491525,-2.62598025684293
14.0508474576271,33.5672669491525,-2.60764244637226
14.3559322033898,33.5672669491525,-2.59089740828863
14.6610169491525,33.5672669491525,-2.57579140686097
14.9661016949153,33.5672669491525,-2.56233486134856
15.271186440678,33.5672669491525,-2.55050485771857
15.5762711864407,33.5672669491525,-2.54023599598019
15.8813559322034,33.5672669491525,-2.53142291168637
16.1864406779661,33.5672669491525,-2.52392487340739
16.4915254237288,33.5672669491525,-2.51757150527174
16.7966101694915,33.5672669491525,-2.51216940327133
17.1016949152542,33.5672669491525,-2.5075094098388
17.4067796610169,33.5672669491525,-2.50337430179473
17.7118644067797,33.5672669491525,-2.49954664485337
18.0169491525424,33.5672669491525,-2.49581657269424
18.3220338983051,33.5672669491525,-2.49198392953284
18.6271186440678,33.5672669491525,-2.48778597549718
18.9322033898305,33.5672669491525,-2.48291335096696
19.2372881355932,33.5672669491525,-2.47708299091148
19.5423728813559,33.5672669491525,-2.47004957784847
19.8474576271186,33.5672669491525,-2.46160875688035
20.1525423728814,33.5672669491525,-2.45159898481481
20.4576271186441,33.5672669491525,-2.43990206629533
20.7627118644068,33.5672669491525,-2.42644236244726
21.0677966101695,33.5672669491525,-2.41118470357099
21.3728813559322,33.5672669491525,-2.39413108135824
21.6779661016949,33.5672669491525,-2.37531622561614
21.9830508474576,33.5672669491525,-2.35480276323413
22.2881355932203,33.5672669491525,-2.33271913333074
22.5932203389831,33.5672669491525,-2.30928410291345
22.8983050847458,33.5672669491525,-2.28472793594685
23.2033898305085,33.5672669491525,-2.25927920441576
23.5084745762712,33.5672669491525,-2.23315883928546
23.8135593220339,33.5672669491525,-2.20657313927453
24.1186440677966,33.5672669491525,-2.17970724733681
24.4237288135593,33.5672669491525,-2.15271935112061
24.728813559322,33.5672669491525,-2.12573580300021
25.0338983050847,33.5672669491525,-2.09884733670335
25.3389830508475,33.5672669491525,-2.07211155963482
25.6440677966102,33.5672669491525,-2.04557040963721
25.9491525423729,33.5672669491525,-2.0192524827778
26.2542372881356,33.5672669491525,-1.99317233528356
26.5593220338983,33.5672669491525,-1.96732348874376
26.864406779661,33.5672669491525,-1.94168215635258
27.1694915254237,33.5672669491525,-1.91621776154559
27.4745762711864,33.5672669491525,-1.89089936106684
27.7796610169492,33.5672669491525,-1.8656960270957
28.0847457627119,33.5672669491525,-1.84057957871743
28.3898305084746,33.5672669491525,-1.81552772385768
28.6949152542373,33.5672669491525,-1.79051893134359
29,33.5672669491525,-1.76553167000235
11,34.0108580508475,-2.85831796597021
11.3050847457627,34.0108580508475,-2.83209566045707
11.6101694915254,34.0108580508475,-2.80596828368151
11.9152542372881,34.0108580508475,-2.7800839564528
12.2203389830508,34.0108580508475,-2.75463276796669
12.5254237288136,34.0108580508475,-2.72982908708577
12.8305084745763,34.0108580508475,-2.70589584506038
13.135593220339,34.0108580508475,-2.68305081493061
13.4406779661017,34.0108580508475,-2.66149491266856
13.7457627118644,34.0108580508475,-2.64140253467426
14.0508474576271,34.0108580508475,-2.6229139377351
14.3559322033898,34.0108580508475,-2.60612964291766
14.6610169491525,34.0108580508475,-2.59110664422281
14.9661016949153,34.0108580508475,-2.5778506327427
15.271186440678,34.0108580508475,-2.56631444363168
15.5762711864407,34.0108580508475,-2.55640717598084
15.8813559322034,34.0108580508475,-2.54799796442507
16.1864406779661,34.0108580508475,-2.54092057661658
16.4915254237288,34.0108580508475,-2.53497913576578
16.7966101694915,34.0108580508475,-2.52995473694651
17.1016949152542,34.0108580508475,-2.52561272167333
17.4067796610169,34.0108580508475,-2.52171036584875
17.7118644067797,34.0108580508475,-2.51800473426895
18.0169491525424,34.0108580508475,-2.51426045969535
18.3220338983051,34.0108580508475,-2.51025335567124
18.6271186440678,34.0108580508475,-2.50571979650813
18.9322033898305,34.0108580508475,-2.50036795845342
19.2372881355932,34.0108580508475,-2.49393282250223
19.5423728813559,34.0108580508475,-2.48618711719815
19.8474576271186,34.0108580508475,-2.47694453366942
20.1525423728814,34.0108580508475,-2.46606157474955
20.4576271186441,34.0108580508475,-2.45343809110787
20.7627118644068,34.0108580508475,-2.43901648989557
21.0677966101695,34.0108580508475,-2.42277964743887
21.3728813559322,34.0108580508475,-2.40474760145533
21.6779661016949,34.0108580508475,-2.38497312777791
21.9830508474576,34.0108580508475,-2.36353681244603
22.2881355932203,34.0108580508475,-2.34057808849761
22.5932203389831,34.0108580508475,-2.31631477034649
22.8983050847458,34.0108580508475,-2.29097499439768
23.2033898305085,34.0108580508475,-2.26478520507639
23.5084745762712,34.0108580508475,-2.23796420578829
23.8135593220339,34.0108580508475,-2.21071616769236
24.1186440677966,34.0108580508475,-2.18322410618287
24.4237288135593,34.0108580508475,-2.15564408134849
24.728813559322,34.0108580508475,-2.12810031800392
25.0338983050847,34.0108580508475,-2.1006814223173
25.3389830508475,34.0108580508475,-2.07344287413382
25.6440677966102,34.0108580508475,-2.04642448373645
25.9491525423729,34.0108580508475,-2.01965271963289
26.2542372881356,34.0108580508475,-1.99314001049051
26.5593220338983,34.0108580508475,-1.96687775033897
26.864406779661,34.0108580508475,-1.94084002481286
27.1694915254237,34.0108580508475,-1.91499412978813
27.4745762711864,34.0108580508475,-1.88930699444926
27.7796610169492,34.0108580508475,-1.86374556341599
28.0847457627119,34.0108580508475,-1.83827952821399
28.3898305084746,34.0108580508475,-1.81288446920931
28.6949152542373,34.0108580508475,-1.78753672766951
29,34.0108580508475,-1.76221264486215
11,34.4544491525424,-2.87940005579324
11.3050847457627,34.4544491525424,-2.85254262284359
11.6101694915254,34.4544491525424,-2.82579002891931
11.9152542372881,34.4544491525424,-2.79930030511743
12.2203389830508,34.4544491525424,-2.77327345092151
12.5254237288136,34.4544491525424,-2.7479337454819
12.8305084745763,34.4544491525424,-2.72351403033673
13.135593220339,34.4544491525424,-2.70024198881387
13.4406779661017,34.4544491525424,-2.6783284471732
13.7457627118644,34.4544491525424,-2.65795771210253
14.0508474576271,34.4544491525424,-2.63927995067704
14.3559322033898,34.4544491525424,-2.62240559425109
14.6610169491525,34.4544491525424,-2.60740116244337
14.9661016949153,34.4544491525424,-2.59426782280034
15.271186440678,34.4544491525424,-2.58293614345596
15.5762711864407,34.4544491525424,-2.57329182030241
15.8813559322034,34.4544491525424,-2.56518058477564
16.1864406779661,34.4544491525424,-2.55841280132896
16.4915254237288,34.4544491525424,-2.55276918997384
16.7966101694915,34.4544491525424,-2.5480074425852
17.1016949152542,34.4544491525424,-2.54386949747869
17.4067796610169,34.4544491525424,-2.54008922735789
17.7118644067797,34.4544491525424,-2.53640029382005
18.0169491525424,34.4544491525424,-2.53254392642769
18.3220338983051,34.4544491525424,-2.52827390230797
18.6271186440678,34.4544491525424,-2.52332607547988
18.9322033898305,34.4544491525424,-2.51742522722575
19.2372881355932,34.4544491525424,-2.51032341783327
19.5423728813559,34.4544491525424,-2.50181045513864
19.8474576271186,34.4544491525424,-2.49171710956268
20.1525423728814,34.4544491525424,-2.47991696323151
20.4576271186441,34.4544491525424,-2.46632694610705
20.7627118644068,34.4544491525424,-2.45090654463309
21.0677966101695,34.4544491525424,-2.43365571442843
21.3728813559322,34.4544491525424,-2.41461157250323
21.6779661016949,34.4544491525424,-2.39384397398305
21.9830508474576,34.4544491525424,-2.37145050176125
22.2881355932203,34.4544491525424,-2.34758097624883
22.5932203389831,34.4544491525424,-2.32245226288888
22.8983050847458,34.4544491525424,-2.29629043416116
23.2033898305085,34.4544491525424,-2.26931987056566
23.5084745762712,34.4544491525424,-2.24175731158283
23.8135593220339,34.4544491525424,-2.21380486444639
24.1186440677966,34.4544491525424,-2.18564348062538
24.4237288135593,34.4544491525424,-2.15742715628324
24.728813559322,34.4544491525424,-2.12927805230944
25.0338983050847,34.4544491525424,-2.10128271094688
25.3389830508475,34.4544491525424,-2.0734945481155
25.6440677966102,34.4544491525424,-2.04595131017307
25.9491525423729,34.4544491525424,-2.01867740170202
26.2542372881356,34.4544491525424,-1.9916831874445
26.5593220338983,34.4544491525424,-1.96495799750494
26.864406779661,34.4544491525424,-1.93847385359269
27.1694915254237,34.4544491525424,-1.91219598765846
27.4745762711864,34.4544491525424,-1.8860892649615
27.7796610169492,34.4544491525424,-1.86011856619631
28.0847457627119,34.4544491525424,-1.83425151896334
28.3898305084746,34.4544491525424,-1.80846163970339
28.6949152542373,34.4544491525424,-1.78272320575879
29,34.4544491525424,-1.75701049447186
11,34.8980402542373,-2.90160238531089
11.3050847457627,34.8980402542373,-2.87412229342751
11.6101694915254,34.8980402542373,-2.84675567731495
11.9152542372881,34.8980402542373,-2.81966920481572
12.2203389830508,34.8980402542373,-2.79307151215881
12.5254237288136,34.8980402542373,-2.76719551524006
12.8305084745763,34.8980402542373,-2.74228269234304
13.135593220339,34.8980402542373,-2.71856936354108
13.4406779661017,34.8980402542373,-2.69627499183951
13.7457627118644,34.8980402542373,-2.67559252067163
14.0508474576271,34.8980402542373,-2.65668075385804
14.3559322033898,34.8980402542373,-2.63965875949858
14.6610169491525,34.8980402542373,-2.62460135102507
14.9661016949153,34.8980402542373,-2.61150546500195
15.271186440678,34.8980402542373,-2.60028162031655
15.5762711864407,34.8980402542373,-2.59079445071406
15.8813559322034,34.8980402542373,-2.58286862548339
16.1864406779661,34.8980402542373,-2.57629344693085
16.4915254237288,34.8980402542373,-2.5708285729209
16.7966101694915,34.8980402542373,-2.56621063318143
17.1016949152542,34.8980402542373,-2.56216050388109
17.4067796610169,34.8980402542373,-2.55839099557643
17.7118644067797,34.8980402542373,-2.5546147077177
18.0169491525424,34.8980402542373,-2.55055180772041
18.3220338983051,34.8980402542373,-2.54593625463583
18.6271186440678,34.8980402542373,-2.54050366878346
18.9322033898305,34.8980402542373,-2.53399418553795
19.2372881355932,34.8980402542373,-2.52617565095753
19.5423728813559,34.8980402542373,-2.51685365864891
19.8474576271186,34.8980402542373,-2.50587476480346
20.1525423728814,34.8980402542373,-2.49312833731782
20.4576271186441,34.8980402542373,-2.47854709192442
20.7627118644068,34.8980402542373,-2.46210630083759
21.0677966101695,34.8980402542373,-2.44382170544666
21.3728813559322,34.8980402542373,-2.42374620853231
21.6779661016949,34.8980402542373,-2.40196545099063
21.9830508474576,34.8980402542373,-2.37859272516814
22.2881355932203,34.8980402542373,-2.35378744221899
22.5932203389831,34.8980402542373,-2.32776556373819
22.8983050847458,34.8980402542373,-2.30075122619114
23.2033898305085,34.8980402542373,-2.27296687406348
23.5084745762712,34.8980402542373,-2.24462731082128
23.8135593220339,34.8980402542373,-2.21593270768392
24.1186440677966,34.8980402542373,-2.18706208010607
24.4237288135593,34.8980402542373,-2.15816748823683
24.728813559322,34.8980402542373,-2.12936915695129
25.0338983050847,34.8980402542373,-2.100751692478
25.3389830508475,34.8980402542373,-2.07236657472256
25.6440677966102,34.8980402542373,-2.04424961402835
25.9491525423729,34.8980402542373,-2.01642327896347
26.2542372881356,34.8980402542373,-1.98889599825569
26.5593220338983,34.8980402542373,-1.9616551659951
26.864406779661,34.8980402542373,-1.93467086787668
27.1694915254237,34.8980402542373,-1.90790639983679
27.4745762711864,34.8980402542373,-1.88132469112031
27.7796610169492,34.8980402542373,-1.8548886864074
28.0847457627119,34.8980402542373,-1.82856407728414
28.3898305084746,34.8980402542373,-1.80232244417698
28.6949152542373,34.8980402542373,-1.77613612841387
29,34.8980402542373,-1.7499774713228
11,35.3416313559322,-2.92491036407902
11.3050847457627,35.3416313559322,-2.89681963646101
11.6101694915254,35.3416313559322,-2.86884979330061
11.9152542372881,35.3416313559322,-2.84117491112712
12.2203389830508,35.3416313559322,-2.81401103485632
12.5254237288136,35.3416313559322,-2.78759848907083
12.8305084745763,35.3416313559322,-2.76218616074103
13.135593220339,35.3416313559322,-2.73801777862703
13.4406779661017,35.3416313559322,-2.71532021442095
13.7457627118644,35.3416313559322,-2.69429382024288
14.0508474576271,35.3416313559322,-2.67510480860022
14.3559322033898,35.3416313559322,-2.65787965627958
14.6610169491525,35.3416313559322,-2.64270028271425
14.9661016949153,35.3416313559322,-2.62955967560161
15.271186440678,35.3416313559322,-2.61835044314996
15.5762711864407,35.3416313559322,-2.60891841440036
15.8813559322034,35.3416313559322,-2.60106945393765
16.1864406779661,35.3416313559322,-2.594574059364
16.4915254237288,35.3416313559322,-2.58917308383979
16.7966101694915,35.3416313559322,-2.5845843523888
17.1016949152542,35.3416313559322,-2.58050993647557
17.4067796610169,35.3416313559322,-2.57664384195256
17.7118644067797,35.3416313559322,-2.5726798635659
18.0169491525424,35.3416313559322,-2.56831936402699
18.3220338983051,35.3416313559322,-2.5632786234251
18.6271186440678,35.3416313559322,-2.55729330473767
18.9322033898305,35.3416313559322,-2.55011769116569
19.2372881355932,35.3416313559322,-2.54153416721304
19.5423728813559,35.3416313559322,-2.53136286493214
19.8474576271186,35.3416313559322,-2.51946487896
20.1525423728814,35.3416313559322,-2.50574411563897
20.4576271186441,35.3416313559322,-2.49014782914713
20.7627118644068,35.3416313559322,-2.47266583014448
21.0677966101695,35.3416313559322,-2.45332839846605
21.3728813559322,35.3416313559322,-2.43220297533819
21.6779661016949,35.3416313559322,-2.40938974010265
21.9830508474576,35.3416313559322,-2.38501645313693
22.2881355932203,35.3416313559322,-2.3592513481595
22.5932203389831,35.3416313559322,-2.33230952642841
22.8983050847458,35.3416313559322,-2.30441331173734
23.2033898305085,35.3416313559322,-2.27578333590018
23.5084745762712,35.3416313559322,-2.24663258971129
23.8135593220339,35.3416313559322,-2.21715943171833
24.1186440677966,35.3416313559322,-2.18754106470423
24.4237288135593,35.3416313559322,-2.15792773614636
24.728813559322,35.3416313559322,-2.12843785824811
25.0338983050847,35.3416313559322,-2.09915422456627
25.3389830508475,35.3416313559322,-2.07012650233473
25.6440677966102,35.3416313559322,-2.04138868922514
25.9491525423729,35.3416313559322,-2.01296144113387
26.2542372881356,35.3416313559322,-1.98485137411698
26.5593220338983,35.3416313559322,-1.95704406959281
26.864406779661,35.3416313559322,-1.92950780058462
27.1694915254237,35.3416313559322,-1.90220405035706
27.4745762711864,35.3416313559322,-1.87509393548327
27.7796610169492,35.3416313559322,-1.84813858797168
28.0847457627119,35.3416313559322,-1.82130188673664
28.3898305084746,35.3416313559322,-1.79455359953288
28.6949152542373,35.3416313559322,-1.76786425501663
29,35.3416313559322,-1.74120438184414
11,35.7852224576271,-2.94934331785963
11.3050847457627,35.7852224576271,-2.92065353240241
11.6101694915254,35.7852224576271,-2.89209085751459
11.9152542372881,35.7852224576271,-2.86383559583723
12.2203389830508,35.7852224576271,-2.83611001839788
12.5254237288136,35.7852224576271,-2.80916067589096
12.8305084745763,35.7852224576271,-2.78324268139859
13.135593220339,35.7852224576271,-2.75860598979268
13.4406779661017,35.7852224576271,-2.73548369887713
13.7457627118644,35.7852224576271,-2.71408238688379
14.0508474576271,35.7852224576271,-2.69457449243185
14.3559322033898,35.7852224576271,-2.67709271841968
14.6610169491525,35.7852224576271,-2.66172494646339
14.9661016949153,35.7852224576271,-2.64846048705957
15.271186440678,35.7852224576271,-2.63717609709884
15.5762711864407,35.7852224576271,-2.62770097475206
15.8813559322034,35.7852224576271,-2.61982435373389
16.1864406779661,35.7852224576271,-2.61330010077632
16.4915254237288,35.7852224576271,-2.60785243816951
16.7966101694915,35.7852224576271,-2.60318256006707
17.1016949152542,35.7852224576271,-2.59897590706334
17.4067796610169,35.7852224576271,-2.5949098541406
17.7118644067797,35.7852224576271,-2.59066156517478
18.0169491525424,35.7852224576271,-2.5859157720071
18.3220338983051,35.7852224576271,-2.58037313565217
18.6271186440678,35.7852224576271,-2.57376962786747
18.9322033898305,35.7852224576271,-2.56587251809077
19.2372881355932,35.7852224576271,-2.55647752814401
19.5423728813559,35.7852224576271,-2.54541812739764
19.8474576271186,35.7852224576271,-2.53256874780671
20.1525423728814,35.7852224576271,-2.51784663303161
20.4576271186441,35.7852224576271,-2.50121237456847
20.7627118644068,35.7852224576271,-2.48266912039533
21.0677966101695,35.7852224576271,-2.46226048766525
21.3728813559322,35.7852224576271,-2.44006725492263
21.6779661016949,35.7852224576271,-2.41620293882725
21.9830508474576,35.7852224576271,-2.39080857234401
22.2881355932203,35.7852224576271,-2.36406047202792
22.5932203389831,35.7852224576271,-2.33617292069967
22.8983050847458,35.7852224576271,-2.3073665482556
23.2033898305085,35.7852224576271,-2.27786029261227
23.5084745762712,35.7852224576271,-2.24786545066669
23.8135593220339,35.7852224576271,-2.21757868706917
24.1186440677966,35.7852224576271,-2.18717551070531
24.4237288135593,35.7852224576271,-2.15680447515514
24.728813559322,35.7852224576271,-2.12658229872469
25.0338983050847,35.7852224576271,-2.09659008107344
25.3389830508475,35.7852224576271,-2.06687579553792
25.6440677966102,35.7852224576271,-2.03747174589244
25.9491525423729,35.7852224576271,-2.00839689413604
26.2542372881356,35.7852224576271,-1.97965616242742
26.5593220338983,35.7852224576271,-1.95123343828759
26.864406779661,35.7852224576271,-1.92309530084248
27.1694915254237,35.7852224576271,-1.89520153945937
27.4745762711864,35.7852224576271,-1.86751157681408
27.7796610169492,35.7852224576271,-1.8399848510177
28.0847457627119,35.7852224576271,-1.81258354708724
28.3898305084746,35.7852224576271,-1.78527573888007
28.6949152542373,35.7852224576271,-1.7580302611551
29,35.7852224576271,-1.73081594867123
11,36.228813559322,-2.9749418412301
11.3050847457627,36.228813559322,-2.94566413052544
11.6101694915254,36.228813559322,-2.9165186194106
11.9152542372881,36.228813559322,-2.88769069954704
12.2203389830508,36.228813559322,-2.85940773098276
12.5254237288136,36.228813559322,-2.83192135343255
12.8305084745763,36.228813559322,-2.80549176899899
13.135593220339,36.228813559322,-2.78037402157438
13.4406779661017,36.228813559322,-2.75680629798304
13.7457627118644,36.228813559322,-2.73500026547724
14.0508474576271,36.228813559322,-2.71513345169658
14.3559322033898,36.228813559322,-2.69734364855986
14.6610169491525,36.228813559322,-2.68172360004035
14.9661016949153,36.228813559322,-2.66825920065144
15.271186440678,36.228813559322,-2.65681333612122
15.5762711864407,36.228813559322,-2.64720066397528
15.8813559322034,36.228813559322,-2.63919587728299
16.1864406779661,36.228813559322,-2.63253830213107
16.4915254237288,36.228813559322,-2.62693762016442
16.7966101694915,36.228813559322,-2.62208048489137
17.1016949152542,36.228813559322,-2.61763779626098
17.4067796610169,36.228813559322,-2.61327238861026
17.7118644067797,36.228813559322,-2.60864688516988
18.0169491525424,36.228813559322,-2.60343147713577
18.3220338983051,36.228813559322,-2.59731318710884
18.6271186440678,36.228813559322,-2.59002855151319
18.9322033898305,36.228813559322,-2.5813567091104
19.2372881355932,36.228813559322,-2.57110556411002
19.5423728813559,36.228813559322,-2.55912076827011
19.8474576271186,36.228813559322,-2.54528893593337
20.1525423728814,36.228813559322,-2.52953949314779
20.4576271186441,36.228813559322,-2.51184521379714
20.7627118644068,36.228813559322,-2.49222142824708
21.0677966101695,36.228813559322,-2.47072393603829
21.3728813559322,36.228813559322,-2.44744569810278
21.6779661016949,36.228813559322,-2.42251241348798
21.9830508474576,36.228813559322,-2.39607723828116
22.2881355932203,36.228813559322,-2.3683238605972
22.5932203389831,36.228813559322,-2.3394657851075
22.8983050847458,36.228813559322,-2.30972206201719
23.2033898305085,36.228813559322,-2.27931004955164
23.5084745762712,36.228813559322,-2.24843946491666
23.8135593220339,36.228813559322,-2.21730539307136
24.1186440677966,36.228813559322,-2.18608176321014
24.4237288135593,36.228813559322,-2.15491554922181
24.728813559322,36.228813559322,-2.12392188972123
25.0338983050847,36.228813559322,-2.09318030467666
25.3389830508475,36.228813559322,-2.06273718773342
25.6440677966102,36.228813559322,-2.03262326297464
25.9491525423729,36.228813559322,-2.00285591270815
26.2542372881356,36.228813559322,-1.97343847940145
26.5593220338983,36.228813559322,-1.94435327088435
26.864406779661,36.228813559322,-1.91556528659156
27.1694915254237,36.228813559322,-1.8870327361992
27.4745762711864,36.228813559322,-1.85871346269186
27.7796610169492,36.228813559322,-1.83056532448943
28.0847457627119,36.228813559322,-1.80254892691772
28.3898305084746,36.228813559322,-1.77463076414291
28.6949152542373,36.228813559322,-1.7467780912327
29,36.228813559322,-1.71895816325479
11,36.6724046610169,-3.00175864407853
11.3050847457627,36.6724046610169,-2.97190369541453
11.6101694915254,36.6724046610169,-2.94218494375304
11.9152542372881,36.6724046610169,-2.91279177816827
12.2203389830508,36.6724046610169,-2.88395555612089
12.5254237288136,36.6724046610169,-2.85593191473845
12.8305084745763,36.6724046610169,-2.82898505353619
13.135593220339,36.6724046610169,-2.80337401381916
13.4406779661017,36.6724046610169,-2.77934097982437
13.7457627118644,36.6724046610169,-2.7571016162168
14.0508474576271,36.6724046610169,-2.73683744804877
14.3559322033898,36.6724046610169,-2.71869026465179
14.6610169491525,36.6724046610169,-2.70275661652372
14.9661016949153,36.6724046610169,-2.68901923296357
15.271186440678,36.6724046610169,-2.67732902948586
15.5762711864407,36.6724046610169,-2.66748812958683
15.8813559322034,36.6724046610169,-2.65925869230651
16.1864406779661,36.6724046610169,-2.65236750970225
16.4915254237288,36.6724046610169,-2.6465117293896
16.7966101694915,36.6724046610169,-2.64136547084755
17.1016949152542,36.6724046610169,-2.63658709999579
17.4067796610169,36.6724046610169,-2.63182691714199
17.7118644067797,36.6724046610169,-2.62673501148745
18.0169491525424,36.6724046610169,-2.62096904019875
18.3220338983051,36.6724046610169,-2.61420428889762
18.6271186440678,36.6724046610169,-2.6061781043259
18.9322033898305,36.6724046610169,-2.59668042233248
19.2372881355932,36.6724046610169,-2.58553022078134
19.5423728813559,36.6724046610169,-2.57258422508496
19.8474576271186,36.6724046610169,-2.55774012324046
20.1525423728814,36.6724046610169,-2.54093841495026
20.4576271186441,36.6724046610169,-2.52216294775254
20.7627118644068,36.6724046610169,-2.50144012566738
21.0677966101695,36.6724046610169,-2.47883682188989
21.3728813559322,36.6724046610169,-2.45445707100651
21.6779661016949,36.6724046610169,-2.42843764571908
21.9830508474576,36.6724046610169,-2.40094272175087
22.2881355932203,36.6724046610169,-2.37216267595099
22.5932203389831,36.6724046610169,-2.34231027351811
22.8983050847458,36.6724046610169,-2.31160309460406
23.2033898305085,36.6724046610169,-2.28025702738089
23.5084745762712,36.6724046610169,-2.24848031900112
23.8135593220339,36.6724046610169,-2.21646658437054
24.1186440677966,36.6724046610169,-2.18438828263025
24.4237288135593,36.6724046610169,-2.15239091761576
24.728813559322,36.6724046610169,-2.12058815788861
25.0338983050847,36.6724046610169,-2.08905805336375
25.3389830508475,36.6724046610169,-2.05784552763322
25.6440677966102,36.6724046610169,-2.02697983472683
25.9491525423729,36.6724046610169,-1.99647688689909
26.2542372881356,36.6724046610169,-1.96633855656421
26.5593220338983,36.6724046610169,-1.93654568149868
26.864406779661,36.6724046610169,-1.90706179108393
27.1694915254237,36.6724046610169,-1.87784362494273
27.4745762711864,36.6724046610169,-1.8488475560064
27.7796610169492,36.6724046610169,-1.82002997264152
28.0847457627119,36.6724046610169,-1.79135001012058
28.3898305084746,36.6724046610169,-1.76277269255646
28.6949152542373,36.6724046610169,-1.73426380496355
29,36.6724046610169,-1.70578913235625
11,37.1159957627119,-3.02984693281611
11.3050847457627,37.1159957627119,-2.99942498817717
11.6101694915254,37.1159957627119,-2.96914219182942
11.9152542372881,37.1159957627119,-2.93919088413569
12.2203389830508,37.1159957627119,-2.90980537384535
12.5254237288136,37.1159957627119,-2.88124424937457
12.8305084745763,37.1159957627119,-2.85377466152728
13.135593220339,37.1159957627119,-2.82765860289717
13.4406779661017,37.1159957627119,-2.80314120900992
13.7457627118644,37.1159957627119,-2.78044109581917
14.0508474576271,37.1159957627119,-2.7597427396659
14.3559322033898,37.1159957627119,-2.74119088117027
14.6610169491525,37.1159957627119,-2.72488486551516
14.9661016949153,37.1159957627119,-2.71080449710537
15.271186440678,37.1159957627119,-2.69879054298459
15.5762711864407,37.1159957627119,-2.68863451562665
15.8813559322034,37.1159957627119,-2.68008796304912
16.1864406779661,37.1159957627119,-2.67286706628694
16.4915254237288,37.1159957627119,-2.66665836193324
16.7966101694915,37.1159957627119,-2.66112535844455
17.1016949152542,37.1159957627119,-2.65591581071815
17.4067796610169,37.1159957627119,-2.65066940803928
17.7118644067797,37.1159957627119,-2.6450256285868
18.0169491525424,37.1159957627119,-2.63863151850488
18.3220338983051,37.1159957627119,-2.6311524486441
18.6271186440678,37.1159957627119,-2.62232681147974
18.9322033898305,37.1159957627119,-2.61195431238801
19.2372881355932,37.1159957627119,-2.59986394035136
19.5423728813559,37.1159957627119,-2.5859224319007
19.8474576271186,37.1159957627119,-2.57003748615157
20.1525423728814,37.1159957627119,-2.55215961392485
20.4576271186441,37.1159957627119,-2.53228267387714
20.7627118644068,37.1159957627119,-2.51044308114698
21.0677966101695,37.1159957627119,-2.48671772004789
21.3728813559322,37.1159957627119,-2.46122063628477
21.6779661016949,37.1159957627119,-2.43409861367788
21.9830508474576,37.1159957627119,-2.40552579007872
22.2881355932203,37.1159957627119,-2.37569857669604
22.5932203389831,37.1159957627119,-2.34482903632082
22.8983050847458,37.1159957627119,-2.31313338412125
23.2033898305085,37.1159957627119,-2.28082614328571
23.5084745762712,37.1159957627119,-2.24811419598306
23.8135593220339,37.1159957627119,-2.21518979213543
24.1186440677966,37.1159957627119,-2.18222402590028
24.4237288135593,37.1159957627119,-2.14936103612945
24.728813559322,37.1159957627119,-2.11671312640081
25.0338983050847,37.1159957627119,-2.08435698164568
25.3389830508475,37.1159957627119,-2.05233616047242
25.6440677966102,37.1159957627119,-2.02067855192719
25.9491525423729,37.1159957627119,-1.98939870328085
26.2542372881356,37.1159957627119,-1.95849712196394
26.5593220338983,37.1159957627119,-1.9279532807693
26.864406779661,37.1159957627119,-1.8977293440947
27.1694915254237,37.1159957627119,-1.86778068657926
27.4745762711864,37.1159957627119,-1.83806231617063
27.7796610169492,37.1159957627119,-1.80852925625173
28.0847457627119,37.1159957627119,-1.7791392771114
28.3898305084746,37.1159957627119,-1.74985603787887
28.6949152542373,37.1159957627119,-1.72064395858486
29,37.1159957627119,-1.69146745926012
11,37.5595868644068,-3.05925257755744
11.3050847457627,37.5595868644068,-3.02827343362432
11.6101694915254,37.5595868644068,-2.99743538863065
11.9152542372881,37.5595868644068,-2.96693273358753
12.2203389830508,37.5595868644068,-2.93700172789259
12.5254237288136,37.5595868644068,-2.90790291061026
12.8305084745763,37.5595868644068,-2.87990538319273
13.135593220339,37.5595868644068,-2.85327308888197
13.4406779661017,37.5595868644068,-2.8282531138519
13.7457627118644,37.5595868644068,-2.80506602470445
14.0508474576271,37.5595868644068,-2.78389824842883
14.3559322033898,37.5595868644068,-2.76489647629349
14.6610169491525,37.5595868644068,-2.74816188031976
14.9661016949153,37.5595868644068,-2.73367156988969
15.271186440678,37.5595868644068,-2.72125790611269
15.5762711864407,37.5595868644068,-2.71070362983807
15.8813559322034,37.5595868644068,-2.70175151745892
16.1864406779661,37.5595868644068,-2.69410897838566
16.4915254237288,37.5595868644068,-2.68745377758692
16.7966101694915,37.5595868644068,-2.68144065189473
17.1016949152542,37.5595868644068,-2.67570858458188
17.4067796610169,37.5595868644068,-2.66988849330908
17.7118644067797,37.5595868644068,-2.66361108463071
18.0169491525424,37.5595868644068,-2.65651463306642
18.3220338983051,37.5595868644068,-2.64825633767732
18.6271186440678,37.5595868644068,-2.63857586185227
18.9322033898305,37.5595868644068,-2.62728169761142
19.2372881355932,37.5595868644068,-2.61421182871689
19.5423728813559,37.5595868644068,-2.59924198647924
19.8474576271186,37.5595868644068,-2.58228886479371
20.1525423728814,37.5595868644068,-2.56331196926082
20.4576271186441,37.5595868644068,-2.54231415331687
20.7627118644068,37.5595868644068,-2.51934082688004
21.0677966101695,37.5595868644068,-2.49447786904354
21.3728813559322,37.5595868644068,-2.46784832029193
21.6779661016949,37.5595868644068,-2.43960795922515
21.9830508474576,37.5595868644068,-2.40993987429371
22.2881355932203,37.5595868644068,-2.37904588514252
22.5932203389831,37.5595868644068,-2.34713738760839
22.8983050847458,37.5595868644068,-2.31442933237724
23.2033898305085,37.5595868644068,-2.28113497815521
23.5084745762712,37.5595868644068,-2.2474599426289
23.8135593220339,37.5595868644068,-2.2135952112382
24.1186440677966,37.5595868644068,-2.17971061365828
24.4237288135593,37.5595868644068,-2.14594902425876
24.728813559322,37.5595868644068,-2.11242148213525
25.0338983050847,37.5595868644068,-2.0792034077368
25.3389830508475,37.5595868644068,-2.04633709518953
25.6440677966102,37.5595868644068,-2.01384916905734
25.9491525423729,37.5595868644068,-1.98175291212883
26.2542372881356,37.5595868644068,-1.9500475673523
26.5593220338983,37.5595868644068,-1.91871134303833
26.864406779661,37.5595868644068,-1.88770513910243
27.1694915254237,37.5595868644068,-1.85698306570147
27.4745762711864,37.5595868644068,-1.82649886630085
27.7796610169492,37.5595868644068,-1.79620629980122
28.0847457627119,37.5595868644068,-1.76606187200919
28.3898305084746,37.5595868644068,-1.73602797757172
28.6949152542373,37.5595868644068,-1.70606777203728
29,37.5595868644068,-1.67614441095437
11,38.0031779661017,-3.09000889636739
11.3050847457627,38.0031779661017,-3.05848190451718
11.6101694915254,38.0031779661017,-3.02709700709793
11.9152542372881,38.0031779661017,-2.99604949061227
12.2203389830508,38.0031779661017,-2.96557660994935
12.5254237288136,38.0031779661017,-2.93593989966512
12.8305084745763,38.0031779661017,-2.90740945670331
13.135593220339,38.0031779661017,-2.88025021979738
13.4406779661017,38.0031779661017,-2.8547102706128
13.7457627118644,38.0031779661017,-2.83101117124299
14.0508474576271,38.0031779661017,-2.80934034416871
14.3559322033898,38.0031779661017,-2.78984547614992
14.6610169491525,38.0031779661017,-2.77262864219287
14.9661016949153,38.0031779661017,-2.75766447607965
15.271186440678,38.0031779661017,-2.74477859631568
15.5762711864407,38.0031779661017,-2.73374672791471
15.8813559322034,38.0031779661017,-2.72430463143426
16.1864406779661,38.0031779661017,-2.71615270044918
16.4915254237288,38.0031779661017,-2.70896168409251
16.7966101694915,38.0031779661017,-2.70237930336073
17.1016949152542,38.0031779661017,-2.69603752569104
17.4067796610169,38.0031779661017,-2.68956025290859
17.7118644067797,38.0031779661017,-2.68257117573218
18.0169491525424,38.0031779661017,-2.6747015528459
18.3220338983051,38.0031779661017,-2.66560207527654
18.6271186440678,38.0031779661017,-2.65501389227132
18.9322033898305,38.0031779661017,-2.6427533442874
19.2372881355932,38.0031779661017,-2.62866643972498
19.5423728813559,38.0031779661017,-2.61263693453279
19.8474576271186,38.0031779661017,-2.59458954724415
20.1525423728814,38.0031779661017,-2.57449180809772
20.4576271186441,38.0031779661017,-2.5523545951679
20.7627118644068,38.0031779661017,-2.528231343011
21.0677966101695,38.0031779661017,-2.50221595535836
21.3728813559322,38.0031779661017,-2.47443949733263
21.6779661016949,38.0031779661017,-2.4450657721719
21.9830508474576,38.0031779661017,-2.4142858533751
22.2881355932203,38.0031779661017,-2.38230637155086
22.5932203389831,38.0031779661017,-2.34933808942381
22.8983050847458,38.0031779661017,-2.31559478913077
23.2033898305085,38.0031779661017,-2.28128856082877
23.5084745762712,38.0031779661017,-2.24662385365533
23.8135593220339,38.0031779661017,-2.21179048450124
24.1186440677966,38.0031779661017,-2.17695711449257
24.4237288135593,38.0031779661017,-2.14226544944985
24.728813559322,38.0031779661017,-2.10782535991959
25.0338983050847,38.0031779661017,-2.07371109780174
25.3389830508475,38.0031779661017,-2.03996378867332
25.6440677966102,38.0031779661017,-2.00660888854914
25.9491525423729,38.0031779661017,-1.97365851166871
26.2542372881356,38.0031779661017,-1.94111073243122
26.5593220338983,38.0031779661017,-1.90894259059816
26.864406779661,38.0031779661017,-1.87711381753594
27.1694915254237,38.0031779661017,-1.84557735485234
27.4745762711864,38.0031779661017,-1.81428577746366
27.7796610169492,38.0031779661017,-1.78319167572146
28.0847457627119,38.0031779661017,-1.75225038688323
28.3898305084746,38.0031779661017,-1.72142313704686
28.6949152542373,38.0031779661017,-1.69067191321171
29,38.0031779661017,-1.65995870237718
11,38.4467690677966,-3.12213552633829
11.3050847457627,38.4467690677966,-3.09006959264438
11.6101694915254,38.4467690677966,-3.05814583919987
11.9152542372881,38.4467690677966,-3.02655963832582
12.2203389830508,38.4467690677966,-2.9955483307298
12.5254237288136,38.4467690677966,-2.96537353678622
12.8305084745763,38.4467690677966,-2.93630543925721
13.135593220339,38.4467690677966,-2.90860906269468
13.4406779661017,38.4467690677966,-2.88253257458253
13.7457627118644,38.4467690677966,-2.85829762283261
14.0508474576271,38.4467690677966,-2.83609171574413
14.3559322033898,38.4467690677966,-2.81606262589546
14.6610169491525,38.4467690677966,-2.7983124514173
14.9661016949153,38.4467690677966,-2.78281355946578
15.271186440678,38.4467690677966,-2.76938641006652
15.5762711864407,38.4467690677966,-2.75780138457761
15.8813559322034,38.4467690677966,-2.74778889990092
16.1864406779661,38.4467690677966,-2.73904400595569
16.4915254237288,38.4467690677966,-2.7312321082193
16.7966101694915,38.4467690677966,-2.7239955840326
17.1016949152542,38.4467690677966,-2.71696105717715
17.4067796610169,38.4467690677966,-2.70974708582245
17.7118644067797,38.4467690677966,-2.70197201703168
18.0169491525424,38.4467690677966,-2.69326176583327
18.3220338983051,38.4467690677966,-2.68326209974849
18.6271186440678,38.4467690677966,-2.67171585859217
18.9322033898305,38.4467690677966,-2.65844633772805
19.2372881355932,38.4467690677966,-2.64330664625015
19.5423728813559,38.4467690677966,-2.62618764080096
19.8474576271186,38.4467690677966,-2.60702114060759
20.1525423728814,38.4467690677966,-2.58578177660248
20.4576271186441,38.4467690677966,-2.56248752755383
20.7627118644068,38.4467690677966,-2.53719892871173
21.0677966101695,38.4467690677966,-2.51001698450129
21.3728813559322,38.4467690677966,-2.48107986073896
21.6779661016949,38.4467690677966,-2.4505584613566
21.9830508474576,38.4467690677966,-2.41865092532959
22.2881355932203,38.4467690677966,-2.38556812520893
22.5932203389831,38.4467690677966,-2.35152022283752
22.8983050847458,38.4467690677966,-2.31671992316799
23.2033898305085,38.4467690677966,-2.28137823917321
23.5084745762712,38.4467690677966,-2.24569854280648
23.8135593220339,38.4467690677966,-2.20986957377441
24.1186440677966,38.4467690677966,-2.17405891601891
24.4237288135593,38.4467690677966,-2.13840719817631
24.728813559322,38.4467690677966,-2.10302321360893
25.0338983050847,38.4467690677966,-2.06798013703255
25.3389830508475,38.4467690677966,-2.03331801684
25.6440677966102,38.4467690677966,-1.99906123186191
25.9491525423729,38.4467690677966,-1.96522081915359
26.2542372881356,38.4467690677966,-1.93179377593006
26.5593220338983,38.4467690677966,-1.89875606476862
26.864406779661,38.4467690677966,-1.86606633985149
27.1694915254237,38.4467690677966,-1.83367646560228
27.4745762711864,38.4467690677966,-1.80153793975308
27.7796610169492,38.4467690677966,-1.7696022754713
28.0847457627119,38.4467690677966,-1.73782373283023
28.3898305084746,38.4467690677966,-1.70616246074356
28.6949152542373,38.4467690677966,-1.67457936902649
29,38.4467690677966,-1.64303536749422
11,38.8903601694915,-3.15564461653874
11.3050847457627,38.8903601694915,-3.12304820177088
11.6101694915254,38.8903601694915,-3.09059318888141
11.9152542372881,38.8903601694915,-3.05847417182041
12.2203389830508,38.8903601694915,-3.02692771292443
12.5254237288136,38.8903601694915,-2.99621465419689
12.8305084745763,38.8903601694915,-2.96660440002892
13.135593220339,38.8903601694915,-2.93836119660142
13.4406779661017,38.8903601694915,-2.9117324330273
13.7457627118644,38.8903601694915,-2.88693897884742
14.0508474576271,38.8903601694915,-2.86416756398996
14.3559322033898,38.8903601694915,-2.8435651826623
14.6610169491525,38.8903601694915,-2.82523312025213
14.9661016949153,38.8903601694915,-2.80914167581495
15.271186440678,38.8903601694915,-2.79510765581448
15.5762711864407,38.8903601694915,-2.78289768652411
15.8813559322034,38.8903601694915,-2.77223842976102
16.1864406779661,38.8903601694915,-2.76282118035971
16.4915254237288,38.8903601694915,-2.7543075887129
16.7966101694915,38.8903601694915,-2.74633627707671
17.1016949152542,38.8903601694915,-2.73853011414801
17.4067796610169,38.8903601694915,-2.73050390301161
17.7118644067797,38.8903601694915,-2.72187223564596
18.0169491525424,38.8903601694915,-2.71225727199481
18.3220338983051,38.8903601694915,-2.7013013613762
18.6271186440678,38.8903601694915,-2.68874922864638
18.9322033898305,38.8903601694915,-2.67443027522182
19.2372881355932,38.8903601694915,-2.6582038331432
19.5423728813559,38.8903601694915,-2.63996698199968
19.8474576271186,38.8903601694915,-2.61965776396505
20.1525423728814,38.8903601694915,-2.59725703291839
20.4576271186441,38.8903601694915,-2.57278899057459
20.7627118644068,38.8903601694915,-2.54632039513039
21.0677966101695,38.8903601694915,-2.51795847395758
21.3728813559322,38.8903601694915,-2.48784761581928
21.6779661016949,38.8903601694915,-2.45616494759401
21.9830508474576,38.8903601694915,-2.4231148001402
22.2881355932203,38.8903601694915,-2.38891174738092
22.5932203389831,38.8903601694915,-2.35376538089628
22.8983050847458,38.8903601694915,-2.3178874152514
23.2033898305085,38.8903601694915,-2.28148787303163
23.5084745762712,38.8903601694915,-2.24476913580275
23.8135593220339,38.8903601694915,-2.20791895288387
24.1186440677966,38.8903601694915,-2.17110391782936
24.4237288135593,38.8903601694915,-2.13446366888803
24.728813559322,38.8903601694915,-2.0981060090347
25.0338983050847,38.8903601694915,-2.06210312259761
25.3389830508475,38.8903601694915,-2.0264940675821
25.6440677966102,38.8903601694915,-1.99130223243125
25.9491525423729,38.8903601694915,-1.95653766381288
26.2542372881356,38.8903601694915,-1.92219636855448
26.5593220338983,38.8903601694915,-1.88825331884583
26.864406779661,38.8903601694915,-1.85466617848163
27.1694915254237,38.8903601694915,-1.82138582149798
27.4745762711864,38.8903601694915,-1.78836275523946
27.7796610169492,38.8903601694915,-1.75554750248593
28.0847457627119,38.8903601694915,-1.72289333292319
28.3898305084746,38.8903601694915,-1.69035940507741
28.6949152542373,38.8903601694915,-1.65790563837626
29,38.8903601694915,-1.62549195224743
11,39.3339512711864,-3.19053197654465
11.3050847457627,39.3339512711864,-3.1574130961689
11.6101694915254,39.3339512711864,-3.12443402059477
11.9152542372881,39.3339512711864,-3.09178774669554
12.2203389830508,39.3339512711864,-3.059709239731
12.5254237288136,39.3339512711864,-3.02845774462777
12.8305084745763,39.3339512711864,-2.99830106870022
13.135593220339,39.3339512711864,-2.96950186105247
13.4406779661017,39.3339512711864,-2.94230591372064
13.7457627118644,39.3339512711864,-2.91693249916881
14.0508474576271,39.3339512711864,-2.89356675024838
14.3559322033898,39.3339512711864,-2.87235406408997
14.6610169491525,39.3339512711864,-2.85339412146376
14.9661016949153,39.3339512711864,-2.8366553414013
15.271186440678,39.3339512711864,-2.82195230251613
15.5762711864407,39.3339512711864,-2.80904938095886
15.8813559322034,39.3339512711864,-2.79767098842392
16.1864406779661,39.3339512711864,-2.78750616962305
16.4915254237288,39.3339512711864,-2.77821432482619
16.7966101694915,39.3339512711864,-2.76943182616673
17.1016949152542,39.3339512711864,-2.76077929221874
17.4067796610169,39.3339512711864,-2.75186927594429
17.7118644067797,39.3339512711864,-2.74231411919908
18.0169491525424,39.3339512711864,-2.73173373180407
18.3220338983051,39.3339512711864,-2.71976847094998
18.6271186440678,39.3339512711864,-2.70616513077281
18.9322033898305,39.3339512711864,-2.69075841456442
19.2372881355932,39.3339512711864,-2.67341304576223
19.5423728813559,39.3339512711864,-2.65403149535218
19.8474576271186,39.3339512711864,-2.63255719690482
20.1525423728814,39.3339512711864,-2.60897639569601
20.4576271186441,39.3339512711864,-2.58331868483738
20.7627118644068,39.3339512711864,-2.55565621392246
21.0677966101695,39.3339512711864,-2.5261016017198
21.3728813559322,39.3339512711864,-2.49480462838928
21.6779661016949,39.3339512711864,-2.46194781220619
21.9830508474576,39.3339512711864,-2.42774084829722
22.2881355932203,39.3339512711864,-2.39240149983828
22.5932203389831,39.3339512711864,-2.35613881715412
22.8983050847458,39.3339512711864,-2.31916360665076
23.2033898305085,39.3339512711864,-2.28168498275445
23.5084745762712,39.3339512711864,-2.24390441887188
23.8135593220339,39.3339512711864,-2.20600875616305
24.1186440677966,39.3339512711864,-2.16816368002326
24.4237288135593,39.3339512711864,-2.13050792054219
24.728813559322,39.3339512711864,-2.09314837253558
25.0338983050847,39.3339512711864,-2.05615631217258
25.3389830508475,39.3339512711864,-2.01956988929942
25.6440677966102,39.3339512711864,-1.98341158420008
25.9491525423729,39.3339512711864,-1.94769053538329
26.2542372881356,39.3339512711864,-1.91240184151744
26.5593220338983,39.3339512711864,-1.87751956663321
26.864406779661,39.3339512711864,-1.84300046636622
27.1694915254237,39.3339512711864,-1.80879450659345
27.4745762711864,39.3339512711864,-1.7748512865004
27.7796610169492,39.3339512711864,-1.74112042070783
28.0847457627119,39.3339512711864,-1.70755427074243
28.3898305084746,39.3339512711864,-1.67411108697128
28.6949152542373,39.3339512711864,-1.64074988066296
29,39.3339512711864,-1.60742966308605
11,39.7775423728814,-3.22677238185776
11.3050847457627,39.7775423728814,-3.19313860603652
11.6101694915254,39.7775423728814,-3.15964226471799
11.9152542372881,39.7775423728814,-3.12647398447656
12.2203389830508,39.7775423728814,-3.09386636027311
12.5254237288136,39.7775423728814,-3.06207626673535
12.8305084745763,39.7775423728814,-3.03136914087875
13.135593220339,39.7775423728814,-3.00200526150852
13.4406779661017,39.7775423728814,-2.97422805036188
13.7457627118644,39.7775423728814,-2.94825440960401
14.0508474576271,39.7775423728814,-2.92426710178741
14.3559322033898,39.7775423728814,-2.90240915374378
14.6610169491525,39.7775423728814,-2.8827778937444
14.9661016949153,39.7775423728814,-2.86534003842481
15.271186440678,39.7775423728814,-2.84990928505386
15.5762711864407,39.7775423728814,-2.83624918101234
15.8813559322034,39.7775423728814,-2.82408330922486
16.1864406779661,39.7775423728814,-2.81309988563334
16.4915254237288,39.7775423728814,-2.80295748173792
16.7966101694915,39.7775423728814,-2.79329164090214
17.1016949152542,39.7775423728814,-2.78372215293028
17.4067796610169,39.7775423728814,-2.77386074201458
17.7118644067797,39.7775423728814,-2.76331892124092
18.0169491525424,39.7775423728814,-2.75171577166045
18.3220338983051,39.7775423728814,-2.73869100518598
18.6271186440678,39.7775423728814,-2.72399365923618
18.9322033898305,39.7775423728814,-2.70746297947741
19.2372881355932,39.7775423728814,-2.68896829539119
19.5423728813559,39.7775423728814,-2.66841668400752
19.8474576271186,39.7775423728814,-2.64575618494105
20.1525423728814,39.7775423728814,-2.62097764951172
20.4576271186441,39.7775423728814,-2.59411527687525
20.7627118644068,39.7775423728814,-2.56524582266924
21.0677966101695,39.7775423728814,-2.53448651170632
21.3728813559322,39.7775423728814,-2.50199173019046
21.6779661016949,39.7775423728814,-2.46794860244102
21.9830508474576,39.7775423728814,-2.43257140621678
22.2881355932203,39.7775423728814,-2.39608061027832
22.5932203389831,39.7775423728814,-2.35868475109092
22.8983050847458,39.7775423728814,-2.32059380456168
23.2033898305085,39.7775423728814,-2.28201605461792
23.5084745762712,39.7775423728814,-2.24315214416742
23.8135593220339,39.7775423728814,-2.20418808387126
24.1186440677966,39.7775423728814,-2.1652887286258
24.4237288135593,39.7775423728814,-2.12659197802182
24.728813559322,39.7775423728814,-2.08820389637613
25.0338983050847,39.7775423728814,-2.05019492935896
25.3389830508475,39.7775423728814,-2.0126023963176
25.6440677966102,39.7775423728814,-1.97544794703713
25.9491525423729,39.7775423728814,-1.93873988952735
26.2542372881356,39.7775423728814,-1.90247249195773
26.5593220338983,39.7775423728814,-1.86661898786004
26.864406779661,39.7775423728814,-1.83113530237095
27.1694915254237,39.7775423728814,-1.79597057086854
27.4745762711864,39.7775423728814,-1.76107356203937
27.7796610169492,39.7775423728814,-1.7263930600053
28.0847457627119,39.7775423728814,-1.69188059579409
28.3898305084746,39.7775423728814,-1.65749358927389
28.6949152542373,39.7775423728814,-1.62319022121436
29,39.7775423728814,-1.58892867238517
11,40.2211334745763,-3.26431830333703
11.3050847457627,40.2211334745763,-3.23017675692903
11.6101694915254,40.2211334745763,-3.19616954698636
11.9152542372881,40.2211334745763,-3.16248420204605
12.2203389830508,40.2211334745763,-3.12935021903158
12.5254237288136,40.2211334745763,-3.09702137453332
12.8305084745763,40.2211334745763,-3.06576000752934
13.135593220339,40.2211334745763,-3.03582329878749
13.4406779661017,40.2211334745763,-3.0074515720076
13.7457627118644,40.2211334745763,-2.98085863131749
14.0508474576271,40.2211334745763,-2.95622414123227
14.3559322033898,40.2211334745763,-2.93368803054628
14.6610169491525,40.2211334745763,-2.91334457114349
14.9661016949153,40.2211334745763,-2.89515894444268
15.271186440678,40.2211334745763,-2.87894523366727
15.5762711864407,40.2211334745763,-2.86446749517223
15.8813559322034,40.2211334745763,-2.85144982085626
16.1864406779661,40.2211334745763,-2.83958093563544
16.4915254237288,40.2211334745763,-2.82851991998401
16.7966101694915,40.2211334745763,-2.81790282623966
17.1016949152542,40.2211334745763,-2.80734995318079
17.4067796610169,40.2211334745763,-2.79647353397376
17.7118644067797,40.2211334745763,-2.78488559067859
18.0169491525424,40.2211334745763,-2.77220571332056
18.3220338983051,40.2211334745763,-2.75807423615758
18.6271186440678,40.2211334745763,-2.74224260365839
18.9322033898305,40.2211334745763,-2.72455388903955
19.2372881355932,40.2211334745763,-2.7048812886712
19.5423728813559,40.2211334745763,-2.68313574647196
19.8474576271186,40.2211334745763,-2.65926916894509
20.1525423728814,40.2211334745763,-2.63327627429915
20.4576271186441,40.2211334745763,-2.60519512857846
20.7627118644068,40.2211334745763,-2.57510635430924
21.0677966101695,40.2211334745763,-2.54313104319274
21.3728813559322,40.2211334745763,-2.50942744832154
21.6779661016949,40.2211334745763,-2.47418656090362
21.9830508474576,40.2211334745763,-2.43762650567223
22.2881355932203,40.2211334745763,-2.39997000175555
22.5932203389831,40.2211334745763,-2.36142509754375
22.8983050847458,40.2211334745763,-2.32220101153696
23.2033898305085,40.2211334745763,-2.28250527025549
23.5084745762712,40.2211334745763,-2.24253775920014
23.8135593220339,40.2211334745763,-2.20248373162498
24.1186440677966,40.2211334745763,-2.16250728501939
24.4237288135593,40.2211334745763,-2.12274556156715
24.728813559322,40.2211334745763,-2.08330386817809
25.0338983050847,40.2211334745763,-2.04425189311544
25.3389830508475,40.2211334745763,-2.0056261983195
25.6440677966102,40.2211334745763,-1.96744767616836
25.9491525423729,40.2211334745763,-1.92972387726483
26.2542372881356,40.2211334745763,-1.89244831237137
26.5593220338983,40.2211334745763,-1.85559345761277
26.864406779661,40.2211334745763,-1.81911448071871
27.1694915254237,40.2211334745763,-1.78295975966028
27.4745762711864,40.2211334745763,-1.74707730571704
27.7796610169492,40.2211334745763,-1.71141514560386
28.0847457627119,40.2211334745763,-1.67592405294151
28.3898305084746,40.2211334745763,-1.64056069019115
28.6949152542373,40.2211334745763,-1.60528248071544
29,40.2211334745763,-1.57004684787707
11,40.6647245762712,-3.30311038838353
11.3050847457627,40.6647245762712,-3.26846775094382
11.6101694915254,40.6647245762712,-3.23395566967726
11.9152542372881,40.6647245762712,-3.19975789282866
12.2203389830508,40.6647245762712,-3.16610013702935
12.5254237288136,40.6647245762712,-3.13323239857748
12.8305084745763,40.6647245762712,-3.10141323615894
13.135593220339,40.6647245762712,-3.07089605024938
13.4406779661017,40.6647245762712,-3.04191738425646
13.7457627118644,40.6647245762712,-3.01468726201579
14.0508474576271,40.6647245762712,-2.9893815677503
14.3559322033898,40.6647245762712,-2.96613644996214
14.6610169491525,40.6647245762712,-2.94504246425259
14.9661016949153,40.6647245762712,-2.92606341355419
15.271186440678,40.6647245762712,-2.9090149551381
15.5762711864407,40.6647245762712,-2.89366290846833
15.8813559322034,40.6647245762712,-2.87973312855269
16.1864406779661,40.6647245762712,-2.86691610341631
16.4915254237288,40.6647245762712,-2.85487267664253
16.7966101694915,40.6647245762712,-2.8432406636781
17.1016949152542,40.6647245762712,-2.83164212641052
17.4067796610169,40.6647245762712,-2.81969106111522
17.7118644067797,40.6647245762712,-2.8070012529613
18.0169491525424,40.6647245762712,-2.7931940550831
18.3220338983051,40.6647245762712,-2.77791161248024
18.6271186440678,40.6647245762712,-2.76090793020346
18.9322033898305,40.6647245762712,-2.74202923887173
19.2372881355932,40.6647245762712,-2.72115190878554
19.5423728813559,40.6647245762712,-2.6981900577939
19.8474576271186,40.6647245762712,-2.67309876633041
20.1525423728814,40.6647245762712,-2.645875926534
20.4576271186441,40.6647245762712,-2.61656277837936
20.7627118644068,40.6647245762712,-2.58524311832308
21.0677966101695,40.6647245762712,-2.55204121199676
21.3728813559322,40.6647245762712,-2.51711848642336
21.6779661016949,40.6647245762712,-2.48066910674121
21.9830508474576,40.6647245762712,-2.44291435497904
22.2881355932203,40.6647245762712,-2.4040787738666
22.5932203389831,40.6647245762712,-2.36436994789183
22.8983050847458,40.6647245762712,-2.32399640667154
23.2033898305085,40.6647245762712,-2.28316498784274
23.5084745762712,40.6647245762712,-2.24207488802291
23.8135593220339,40.6647245762712,-2.20091067158281
24.1186440677966,40.6647245762712,-2.15983574712853
24.4237288135593,40.6647245762712,-2.11898656796053
24.728813559322,40.6647245762712,-2.07846775210533
25.0338983050847,40.6647245762712,-2.03834829894285
25.3389830508475,40.6647245762712,-1.9986640815301
25.6440677966102,40.6647245762712,-1.95943530336184
25.9491525423729,40.6647245762712,-1.92066882615757
26.2542372881356,40.6647245762712,-1.88235747179646
26.5593220338983,40.6647245762712,-1.84447302751999
26.864406779661,40.6647245762712,-1.80696997217453
27.1694915254237,40.6647245762712,-1.76979599484784
27.4745762711864,40.6647245762712,-1.7328984179362
27.7796610169492,40.6647245762712,-1.69622457927115
28.0847457627119,40.6647245762712,-1.65972456359017
28.3898305084746,40.6647245762712,-1.62335434447111
28.6949152542373,40.6647245762712,-1.58707065639331
29,40.6647245762712,-1.55083023383616
11,41.1083156779661,-3.34307812624033
11.3050847457627,41.1083156779661,-3.3079406320203
11.6101694915254,41.1083156779661,-3.27292927691006
11.9152542372881,41.1083156779661,-3.23822339209109
12.2203389830508,41.1083156779661,-3.20404427713135
12.5254237288136,41.1083156779661,-3.17063751126564
12.8305084745763,41.1083156779661,-3.1382572361165
13.135593220339,41.1083156779661,-3.10715243509624
13.4406779661017,41.1083156779661,-3.07755523454915
13.7457627118644,41.1083156779661,-3.04967124124749
14.0508474576271,41.1083156779661,-3.02367192235085
14.3559322033898,41.1083156779661,-2.99968900929802
14.6610169491525,41.1083156779661,-2.97780872550525
14.9661016949153,41.1083156779661,-2.95799364170069
15.271186440678,41.1083156779661,-2.94006209809008
15.5762711864407,41.1083156779661,-2.92378284777247
15.8813559322034,41.1083156779661,-2.90888467939069
16.1864406779661,41.1083156779661,-2.89506101460493
16.4915254237288,41.1083156779661,-2.88197563063353
16.7966101694915,41.1083156779661,-2.86926927655831
17.1016949152542,41.1083156779661,-2.85656694790177
17.4067796610169,41.1083156779661,-2.84348557457438
17.7118644067797,41.1083156779661,-2.82964187538027
18.0169491525424,41.1083156779661,-2.81466013708883
18.3220338983051,41.1083156779661,-2.79818542461147
18.6271186440678,41.1083156779661,-2.77997444687743
18.9322033898305,41.1083156779661,-2.75987596643683
19.2372881355932,41.1083156779661,-2.73776888075948
19.5423728813559,41.1083156779661,-2.71356983486372
19.8474576271186,41.1083156779661,-2.68723643635248
20.1525423728814,41.1083156779661,-2.65876910453402
20.4576271186441,41.1083156779661,-2.62821160655235
20.7627118644068,41.1083156779661,-2.59565026603341
21.0677966101695,41.1083156779661,-2.56121187577812
21.3728813559322,41.1083156779661,-2.52506038997875
21.6779661016949,41.1083156779661,-2.487392500943
21.9830508474576,41.1083156779661,-2.44843200429466
22.2881355932203,41.1083156779661,-2.40840486805011
22.5932203389831,41.1083156779661,-2.36751823535637
22.8983050847458,41.1083156779661,-2.32598001090236
23.2033898305085,41.1083156779661,-2.28399640739724
23.5084745762712,41.1083156779661,-2.24176599653062
23.8135593220339,41.1083156779661,-2.19947271774539
24.1186440677966,41.1083156779661,-2.15727935471975
24.4237288135593,41.1083156779661,-2.11532173582632
24.728813559322,41.1083156779661,-2.07370385416373
25.0338983050847,41.1083156779661,-2.03249408418403
25.3389830508475,41.1083156779661,-1.99172767401637
25.6440677966102,41.1083156779661,-1.95142420222764
25.9491525423729,41.1083156779661,-1.91158990560946
26.2542372881356,41.1083156779661,-1.87221698111315
26.5593220338983,41.1083156779661,-1.83327659105229
26.864406779661,41.1083156779661,-1.79472258934541
27.1694915254237,41.1083156779661,-1.75650204015239
27.4745762711864,41.1083156779661,-1.71856164094163
27.7796610169492,41.1083156779661,-1.68084810461682
28.0847457627119,41.1083156779661,-1.64331089098755
28.3898305084746,41.1083156779661,-1.6059053487038
28.6949152542373,41.1083156779661,-1.56858758731707
29,41.1083156779661,-1.53131371637885
11,41.551906779661,-3.38413879937969
11.3050847457627,41.551906779661,-3.34851223732706
11.6101694915254,41.551906779661,-3.31300680603336
11.9152542372881,41.551906779661,-3.27779682832921
12.2203389830508,41.551906779661,-3.24309859543171
12.5254237288136,41.551906779661,-3.2091526782248
12.8305084745763,41.551906779661,-3.17620820998018
13.135593220339,41.551906779661,-3.14450916575927
13.4406779661017,41.551906779661,-3.11428266355553
13.7457627118644,41.551906779661,-3.08572930179034
14.0508474576271,41.551906779661,-3.05901553927245
14.3559322033898,41.551906779661,-3.03426809908977
14.6610169491525,41.551906779661,-3.01156830056422
14.9661016949153,41.551906779661,-2.99087761805266
15.271186440678,41.551906779661,-2.97201810437611
15.5762711864407,41.551906779661,-2.95476253318562
15.8813559322034,41.551906779661,-2.93884371367601
16.1864406779661,41.551906779661,-2.92395908805945
16.4915254237288,41.551906779661,-2.90977645410628
16.7966101694915,41.551906779661,-2.89594058145029
17.1016949152542,41.551906779661,-2.88208048616598
17.4067796610169,41.551906779661,-2.86781711871582
17.7118644067797,41.551906779661,-2.85277121845591
18.0169491525424,41.551906779661,-2.83657109270764
18.3220338983051,41.551906779661,-2.81886575623792
18.6271186440678,41.551906779661,-2.79941475491552
18.9322033898305,41.551906779661,-2.77806880242693
19.2372881355932,41.551906779661,-2.75470872284748
19.5423728813559,41.551906779661,-2.729253087801
19.8474576271186,41.551906779661,-2.70166143149596
20.1525423728814,41.551906779661,-2.67193609984611
20.4576271186441,41.551906779661,-2.64012278660099
20.7627118644068,41.551906779661,-2.60630974199204
21.0677966101695,41.551906779661,-2.5706256854257
21.3728813559322,41.551906779661,-2.53323649769976
21.6779661016949,41.551906779661,-2.49434079772741
21.9830508474576,41.551906779661,-2.45416429700576
22.2881355932203,41.551906779661,-2.41293401897391
22.5932203389831,41.551906779661,-2.37085668638776
22.8983050847458,41.551906779661,-2.32813963839555
23.2033898305085,41.551906779661,-2.28498852216577
23.5084745762712,41.551906779661,-2.24160134384735
23.8135593220339,41.551906779661,-2.1981614773425
24.1186440677966,41.551906779661,-2.15483114078876
24.4237288135593,41.551906779661,-2.11174559701805
24.728813559322,41.551906779661,-2.06900827358833
25.0338983050847,41.551906779661,-2.02668697941099
25.3389830508475,41.551906779661,-1.98481639707447
25.6440677966102,41.551906779661,-1.94341553960502
25.9491525423729,41.551906779661,-1.90249007825356
26.2542372881356,41.551906779661,-1.86203164443074
26.5593220338983,41.551906779661,-1.82201083490946
26.864406779661,41.551906779661,-1.78238093806757
27.1694915254237,41.551906779661,-1.74308845252428
27.4745762711864,41.551906779661,-1.70407951020732
27.7796610169492,41.551906779661,-1.66530025847968
28.0847457627119,41.551906779661,-1.6266995916103
28.3898305084746,41.551906779661,-1.58823229270848
28.6949152542373,41.551906779661,-1.54985390578501
29,41.551906779661,-1.51151997485074
11,41.9954978813559,-3.42620263859401
11.3050847457627,41.9954978813559,-3.39009235235282
11.6101694915254,41.9954978813559,-3.35409764271585
11.9152542372881,41.9954978813559,-3.31838727835901
12.2203389830508,41.9954978813559,-3.28317199634468
12.5254237288136,41.9954978813559,-3.24868681340209
12.8305084745763,41.9954978813559,-3.21517530864824
13.135593220339,41.9954978813559,-3.18287590298983
13.4406779661017,41.9954978813559,-3.1520101602656
13.7457627118644,41.9954978813559,-3.12277312474224
14.0508474576271,41.9954978813559,-3.09532570107376
14.3559322033898,41.9954978813559,-3.06978905819339
14.6610169491525,41.9954978813559,-3.04623908341236
14.9661016949153,41.9954978813559,-3.02463628010073
15.271186440678,41.9954978813559,-3.00480736416925
15.5762711864407,41.9954978813559,-2.98653013312893
15.8813559322034,41.9954978813559,-2.96954242003453
16.1864406779661,41.9954978813559,-2.95354669095816
16.4915254237288,41.9954978813559,-2.93821576753014
16.7966101694915,41.9954978813559,-2.92319944324418
17.1016949152542,41.9954978813559,-2.90813175803476
17.4067796610169,41.9954978813559,-2.89263868622426
17.7118644067797,41.9954978813559,-2.87634599102876
18.0169491525424,41.9954978813559,-2.85888700362959
18.3220338983051,41.9954978813559,-2.83991563936641
18.6271186440678,41.9954978813559,-2.81919440387309
18.9322033898305,41.9954978813559,-2.79657542585424
19.2372881355932,41.9954978813559,-2.77194090162411
19.5423728813559,41.9954978813559,-2.74521077504545
19.8474576271186,41.9954978813559,-2.71634595256563
20.1525423728814,41.9954978813559,-2.68535015233732
20.4576271186441,41.9954978813559,-2.65227044034897
20.7627118644068,41.9954978813559,-2.61719643907092
21.0677966101695,41.9954978813559,-2.58025824014854
21.3728813559322,41.9954978813559,-2.54162309661853
21.6779661016949,41.9954978813559,-2.50149099963299
21.9830508474576,41.9954978813559,-2.46008902481911
22.2881355932203,41.9954978813559,-2.41764490962594
22.5932203389831,41.9954978813559,-2.37436497575651
22.8983050847458,41.9954978813559,-2.33045605163736
23.2033898305085,41.9954978813559,-2.28612327371522
23.5084745762712,41.9954978813559,-2.24156413741729
23.8135593220339,41.9954978813559,-2.19696150592409
24.1186440677966,41.9954978813559,-2.15247708665138
24.4237288135593,41.9954978813559,-2.10824563170939
24.728813559322,41.9954978813559,-2.06437005793433
25.0338983050847,41.9954978813559,-2.02091766351586
25.3389830508475,41.9954978813559,-1.97792262032071
25.6440677966102,41.9954978813559,-1.93540343065337
25.9491525423729,41.9954978813559,-1.89336525504306
26.2542372881356,41.9954978813559,-1.85179921417867
26.5593220338983,41.9954978813559,-1.81067539411139
26.864406779661,41.9954978813559,-1.76994657249735
27.1694915254237,41.9954978813559,-1.729558737234
27.4745762711864,41.9954978813559,-1.68945750952737
27.7796610169492,41.9954978813559,-1.64958852601871
28.0847457627119,41.9954978813559,-1.60990017025522
28.3898305084746,41.9954978813559,-1.57034671462448
28.6949152542373,41.9954978813559,-1.53088319241556
29,41.9954978813559,-1.49146463691755
11,42.4390889830509,-3.46917599861344
11.3050847457627,42.4390889830509,-3.43258688652406
11.6101694915254,42.4390889830509,-3.396107296564
11.9152542372881,42.4390889830509,-3.35989994293425
12.2203389830508,42.4390889830509,-3.32416950822227
12.5254237288136,42.4390889830509,-3.28914495468241
12.8305084745763,42.4390889830509,-3.25506380695671
13.135593220339,42.4390889830509,-3.22215843147701
13.4406779661017,42.4390889830509,-3.19064433760712
13.7457627118644,42.4390889830509,-3.16071051513882
14.0508474576271,42.4390889830509,-3.13251181425121
14.3559322033898,42.4390889830509,-3.10616334940261
14.6610169491525,42.4390889830509,-3.08173509197032
14.9661016949153,42.4390889830509,-3.05918668927329
15.271186440678,42.4390889830509,-3.03835039158031
15.5762711864407,42.4390889830509,-3.01900993996127
15.8813559322034,42.4390889830509,-3.00090911102987
16.1864406779661,42.4390889830509,-2.98375631441713
16.4915254237288,42.4390889830509,-2.96723031531226
16.7966101694915,42.4390889830509,-2.95098685076791
17.1016949152542,42.4390889830509,-2.93466590427745
17.4067796610169,42.4390889830509,-2.91789939372219
17.7118644067797,42.4390889830509,-2.90031902587712
18.0169491525424,42.4390889830509,-2.88156407548248
18.3220338983051,42.4390889830509,-2.86129422994149
18.6271186440678,42.4390889830509,-2.83927506724323
18.9322033898305,42.4390889830509,-2.81535963966871
19.2372881355932,42.4390889830509,-2.78943100760173
19.5423728813559,42.4390889830509,-2.76140997897454
19.8474576271186,42.4390889830509,-2.73125832430404
20.1525423728814,42.4390889830509,-2.69898062581245
20.4576271186441,42.4390889830509,-2.66462481355774
20.7627118644068,42.4390889830509,-2.62828137407977
21.0677966101695,42.4390889830509,-2.59008126309345
21.3728813559322,42.4390889830509,-2.55019259770499
21.6779661016949,42.4390889830509,-2.50881623313603
21.9830508474576,42.4390889830509,-2.46618010337927
22.2881355932203,42.4390889830509,-2.42251234693191
22.5932203389831,42.4390889830509,-2.37801890217092
22.8983050847458,42.4390889830509,-2.33290613705179
23.2033898305085,42.4390889830509,-2.28737872755024
23.5084745762712,42.4390889830509,-2.24163370862243
23.8135593220339,42.4390889830509,-2.19585348297784
24.1186440677966,42.4390889830509,-2.15019929756123
24.4237288135593,42.4390889830509,-2.10480544401178
24.728813559322,42.4390889830509,-2.05977437869468
25.0338983050847,42.4390889830509,-2.01517293932857
25.3389830508475,42.4390889830509,-1.97103483730913
25.6440677966102,42.4390889830509,-1.92737811446985
25.9491525423729,42.4390889830509,-1.88420747086889
26.2542372881356,42.4390889830509,-1.84151356672415
26.5593220338983,42.4390889830509,-1.79926602761577
26.864406779661,42.4390889830509,-1.75741717072884
27.1694915254237,42.4390889830509,-1.71591252348981
27.4745762711864,42.4390889830509,-1.67469724663366
27.7796610169492,42.4390889830509,-1.63371651633062
28.0847457627119,42.4390889830509,-1.59291825565686
28.3898305084746,42.4390889830509,-1.55225627652893
28.6949152542373,42.4390889830509,-1.51168515176489
29,42.4390889830509,-1.47115945418278
11,42.8826800847458,-3.51296401134479
11.3050847457627,42.8826800847458,-3.47590052644393
11.6101694915254,42.8826800847458,-3.43894005436094
11.9152542372881,42.8826800847458,-3.40223879998534
12.2203389830508,42.8826800847458,-3.36599493659316
12.5254237288136,42.8826800847458,-3.33043091712728
12.8305084745763,42.8826800847458,-3.29577775691829
13.135593220339,42.8826800847458,-3.26226131308658
13.4406779661017,42.8826800847458,-3.2300905856845
13.7457627118644,42.8826800847458,-3.19944805519238
14.0508474576271,42.8826800847458,-3.17048206247787
14.3559322033898,42.8826800847458,-3.14330121268782
14.6610169491525,42.8826800847458,-3.11796912133538
14.9661016949153,42.8826800847458,-3.09444468417539
15.271186440678,42.8826800847458,-3.07256647789673
15.5762711864407,42.8826800847458,-3.05212502321818
15.8813559322034,42.8826800847458,-3.03287087640231
16.1864406779661,42.8826800847458,-3.01451922672903
16.4915254237288,42.8826800847458,-2.99675561903642
16.7966101694915,42.8826800847458,-2.97924257002601
17.1016949152542,42.8826800847458,-2.96162684284005
17.4067796610169,42.8826800847458,-2.94354713500874
17.7118644067797,42.8826800847458,-2.92464193295594
18.0169491525424,42.8826800847458,-2.90455729107076
18.3220338983051,42.8826800847458,-2.88295946108438
18.6271186440678,42.8826800847458,-2.85961719569572
18.9322033898305,42.8826800847458,-2.83438402399698
19.2372881355932,42.8826800847458,-2.80714340846933
19.5423728813559,42.8826800847458,-2.77781655914238
19.8474576271186,42.8826800847458,-2.74636564863041
20.1525423728814,42.8826800847458,-2.71279566125297
20.4576271186441,42.8826800847458,-2.67715492916541
20.7627118644068,42.8826800847458,-2.63953434100495
21.0677966101695,42.8826800847458,-2.60006525458385
21.3728813559322,42.8826800847458,-2.5589161891057
21.6779661016949,42.8826800847458,-2.51628840188948
21.9830508474576,42.8826800847458,-2.47241022550743
22.2881355932203,42.8826800847458,-2.4275099149942
22.5932203389831,42.8826800847458,-2.38179304151593
22.8983050847458,42.8826800847458,-2.33546555823952
23.2033898305085,42.8826800847458,-2.28873172635214
23.5084745762712,42.8826800847458,-2.24178816602136
23.8135593220339,42.8826800847458,-2.1948168651681
24.1186440677966,42.8826800847458,-2.14797865594855
24.4237288135593,42.8826800847458,-2.1014074152133
24.728813559322,42.8826800847458,-2.05520518453898
25.0338983050847,42.8826800847458,-2.00943838685566
25.3389830508475,42.8826800847458,-1.96414031877045
25.6440677966102,42.8826800847458,-1.91932860732825
25.9491525423729,42.8826800847458,-1.87500753779868
26.2542372881356,42.8826800847458,-1.83116735561103
26.5593220338983,42.8826800847458,-1.7877772715569
26.864406779661,42.8826800847458,-1.74478918803279
27.1694915254237,42.8826800847458,-1.70214821767659
27.4745762711864,42.8826800847458,-1.65979910643469
27.7796610169492,42.8826800847458,-1.61768661568878
28.0847457627119,42.8826800847458,-1.57575825372643
28.3898305084746,42.8826800847458,-1.53396741767562
28.6949152542373,42.8826800847458,-1.49226826556584
29,42.8826800847458,-1.45061495542657
11,43.3262711864407,-3.55747001602391
11.3050847457627,43.3262711864407,-3.5199361660446
11.6101694915254,43.3262711864407,-3.48249841021882
11.9152542372881,43.3262711864407,-3.44530603477174
12.2203389830508,43.3262711864407,-3.40855029431506
12.5254237288136,43.3262711864407,-3.3724467231273
12.8305084745763,43.3262711864407,-3.33721941787472
13.135593220339,43.3262711864407,-3.30308731701335
13.4406779661017,43.3262711864407,-3.27025250193121
13.7457627118644,43.3262711864407,-3.23889053444428
14.0508474576271,43.3262711864407,-3.20914283675587
14.3559322033898,43.3262711864407,-3.18111109534849
14.6610169491525,43.3262711864407,-3.15485217393388
14.9661016949153,43.3262711864407,-3.13032431074113
15.271186440678,43.3262711864407,-3.10737312173504
15.5762711864407,43.3262711864407,-3.08579665976427
15.8813559322034,43.3262711864407,-3.06535301322121
16.1864406779661,43.3262711864407,-3.04576490351564
16.4915254237288,43.3262711864407,-3.02672540761548
16.7966101694915,43.3262711864407,-3.00790457435211
17.1016949152542,43.3262711864407,-2.98895669899764
17.4067796610169,43.3262711864407,-2.9695280112121
17.7118644067797,43.3262711864407,-2.94926452954921
18.0169491525424,43.3262711864407,-2.92781984052794
18.3220338983051,43.3262711864407,-2.90486747324536
18.6271186440678,43.3262711864407,-2.88017944722936
18.9322033898305,43.3262711864407,-2.85360936629471
19.2372881355932,43.3262711864407,-2.82504067924496
19.5423728813559,43.3262711864407,-2.79439458243216
19.8474576271186,43.3262711864407,-2.76163323479298
20.1525423728814,43.3262711864407,-2.72676160696939
20.4576271186441,43.3262711864407,-2.68982801743914
20.7627118644068,43.3262711864407,-2.65092334116188
21.0677966101695,43.3262711864407,-2.61017892227226
21.3728813559322,43.3262711864407,-2.56776326629629
21.6779661016949,43.3262711864407,-2.52387761687537
21.9830508474576,43.3262711864407,-2.47875029135383
22.2881355932203,43.3262711864407,-2.43260940524423
22.5932203389831,43.3262711864407,-2.38566017700552
22.8983050847458,43.3262711864407,-2.33810818613028
23.2033898305085,43.3262711864407,-2.29015732013128
23.5084745762712,43.3262711864407,-2.24200382550177
23.8135593220339,43.3262711864407,-2.19382931648828
24.1186440677966,43.3262711864407,-2.14579425157263
24.4237288135593,43.3262711864407,-2.09803213393108
24.728813559322,43.3262711864407,-2.05064463146589
25.0338983050847,43.3262711864407,-2.00369779343275
25.3389830508475,43.3262711864407,-1.95722454276442
25.6440677966102,43.3262711864407,-1.91124213283144
25.9491525423729,43.3262711864407,-1.86575447522907
26.2542372881356,43.3262711864407,-1.82075144171223
26.5593220338983,43.3262711864407,-1.77620186939816
26.864406779661,43.3262711864407,-1.73205728700901
27.1694915254237,43.3262711864407,-1.6882624335083
27.4745762711864,43.3262711864407,-1.64476168116806
27.7796610169492,43.3262711864407,-1.60149941769561
28.0847457627119,43.3262711864407,-1.55842277770417
28.3898305084746,43.3262711864407,-1.51548478464736
28.6949152542373,43.3262711864407,-1.47263922288029
29,43.3262711864407,-1.42983987675811
11,43.7698622881356,-3.6025965934928
11.3050847457627,43.7698622881356,-3.56459594086441
11.6101694915254,43.7698622881356,-3.52668409985597
11.9152542372881,43.7698622881356,-3.48900307415907
12.2203389830508,43.7698622881356,-3.45173683585184
12.5254237288136,43.7698622881356,-3.4150936366792
12.8305084745763,43.7698622881356,-3.37929029077387
13.135593220339,43.7698622881356,-3.34453845405826
13.4406779661017,43.7698622881356,-3.31103292538684
13.7457627118644,43.7698622881356,-3.278941984042
14.0508474576271,43.7698622881356,-3.24839976969348
14.3559322033898,43.7698622881356,-3.2195006862902
14.6610169491525,43.7698622881356,-3.1922944937983
14.9661016949153,43.7698622881356,-3.16673885651073
15.271186440678,43.7698622881356,-3.14268706331789
15.5762711864407,43.7698622881356,-3.11994536807025
15.8813559322034,43.7698622881356,-3.09828006016204
16.1864406779661,43.7698622881356,-3.07742206200484
16.4915254237288,43.7698622881356,-3.05707265156841
16.7966101694915,43.7698622881356,-3.03691007868596
17.1016949152542,43.7698622881356,-3.0165968396314
17.4067796610169,43.7698622881356,-2.9957873650666
17.7118644067797,43.7698622881356,-2.9741358745471
18.0169491525424,43.7698622881356,-2.95130415559369
18.3220338983051,43.7698622881356,-2.92697364848082
18.6271186440678,43.7698622881356,-2.90091972144911
18.9322033898305,43.7698622881356,-2.8729956956237
19.2372881355932,43.7698622881356,-2.84308463655282
19.5423728813559,43.7698622881356,-2.81110735733319
19.8474576271186,43.7698622881356,-2.77702563364615
20.1525423728814,43.7698622881356,-2.74084405287835
20.4576271186441,43.7698622881356,-2.70261055025223
20.7627118644068,43.7698622881356,-2.66241561747211
21.0677966101695,43.7698622881356,-2.62039021541731
21.3728813559322,43.7698622881356,-2.57670246635852
21.6779661016949,43.7698622881356,-2.53155323068183
21.9830508474576,43.7698622881356,-2.48517044267488
22.2881355932203,43.7698622881356,-2.43778185071954
22.5932203389831,43.7698622881356,-2.38959233345983
22.8983050847458,43.7698622881356,-2.34080713325991
23.2033898305085,43.7698622881356,-2.29162980050417
23.5084745762712,43.7698622881356,-2.24225624455745
23.8135593220339,43.7698622881356,-2.1928677425379
24.1186440677966,43.7698622881356,-2.14362441579893
24.4237288135593,43.7698622881356,-2.09465943038841
24.728813559322,43.7698622881356,-2.0460741170802
25.0338983050847,43.7698622881356,-1.99793418800159
25.3389830508475,43.7698622881356,-1.95027222895694
25.6440677966102,43.7698622881356,-1.90310515618841
25.9491525423729,43.7698622881356,-1.85643654416285
26.2542372881356,43.7698622881356,-1.81025592750679
26.5593220338983,43.7698622881356,-1.76453180620907
26.864406779661,43.7698622881356,-1.71921537186345
27.1694915254237,43.7698622881356,-1.67425102630503
27.4745762711864,43.7698622881356,-1.62958280467747
27.7796610169492,43.7698622881356,-1.58515475755968
28.0847457627119,43.7698622881356,-1.54091368243649
28.3898305084746,43.7698622881356,-1.49681226563312
28.6949152542373,43.7698622881356,-1.45280395437629
29,43.7698622881356,-1.40884219589273
11,44.2134533898305,-3.64824703477605
11.3050847457627,44.2134533898305,-3.60978269662427
11.6101694915254,44.2134533898305,-3.57139956917328
11.9152542372881,44.2134533898305,-3.53323205519551
12.2203389830508,44.2134533898305,-3.49545652584993
12.5254237288136,44.2134533898305,-3.45827363196232
12.8305084745763,44.2134533898305,-3.4218925867462
13.135593220339,44.2134533898305,-3.38651744520487
13.4406779661017,44.2134533898305,-3.35233540527359
13.7457627118644,44.2134533898305,-3.31950714531563
14.0508474576271,44.2134533898305,-3.28815920408155
14.3559322033898,44.2134533898305,-3.25837838460113
14.6610169491525,44.2134533898305,-3.23020703514371
14.9661016949153,44.2134533898305,-3.20360231920703
15.271186440678,44.2134533898305,-3.17842575305052
15.5762711864407,44.2134533898305,-3.15449237678945
15.8813559322034,44.2134533898305,-3.13157726608286
16.1864406779661,44.2134533898305,-3.10942012960712
16.4915254237288,44.2134533898305,-3.0877310315968
16.7966101694915,44.2134533898305,-3.06619700814989
17.1016949152542,44.2134533898305,-3.04448934180512
17.4067796610169,44.2134533898305,-3.02227124948915
17.7118644067797,44.2134533898305,-2.99920573702232
18.0169491525424,44.2134533898305,-2.97496337819022
18.3220338983051,44.2134533898305,-2.94923407902977
18.6271186440678,44.2134533898305,-2.92179662814252
18.9322033898305,44.2134533898305,-2.89250375122837
19.2372881355932,44.2134533898305,-2.86123780719969
19.5423728813559,44.2134533898305,-2.82791890251736
19.8474576271186,44.2134533898305,-2.79250810622689
20.1525423728814,44.2134533898305,-2.7550092990791
20.4576271186441,44.2134533898305,-2.71546970966057
20.7627118644068,44.2134533898305,-2.67397912303978
21.0677966101695,44.2134533898305,-2.63066779346023
21.3728813559322,44.2134533898305,-2.58570313655676
21.6779661016949,44.2134533898305,-2.5392853060796
21.9830508474576,44.2134533898305,-2.49164153140954
22.2881355932203,44.2134533898305,-2.44299899464028
22.5932203389831,44.2134533898305,-2.39356224588156
22.8983050847458,44.2134533898305,-2.34353622234686
23.2033898305085,44.2134533898305,-2.29312416926989
23.5084745762712,44.2134533898305,-2.24252169086482
23.8135593220339,44.2134533898305,-2.19190975909909
24.1186440677966,44.2134533898305,-2.14144819017548
24.4237288135593,44.2134533898305,-2.09126984499115
24.728813559322,44.2134533898305,-2.04147574916928
25.0338983050847,44.2134533898305,-1.99213130968651
25.3389830508475,44.2134533898305,-1.94326880719651
25.6440677966102,44.2134533898305,-1.89490485279075
25.9491525423729,44.2134533898305,-1.84704271578541
26.2542372881356,44.2134533898305,-1.79967162565636
26.5593220338983,44.2134533898305,-1.75275977724173
26.864406779661,44.2134533898305,-1.70625805698462
27.1694915254237,44.2134533898305,-1.66011056156946
27.4745762711864,44.2134533898305,-1.61426102098923
27.7796610169492,44.2134533898305,-1.56865318067215
28.0847457627119,44.2134533898305,-1.52323353295238
28.3898305084746,44.2134533898305,-1.47795445900446
28.6949152542373,44.2134533898305,-1.43276910090443
29,44.2134533898305,-1.38763060072836
11,44.6570444915254,-3.69432721458725
11.3050847457627,44.6570444915254,-3.6554018627341
11.6101694915254,44.6570444915254,-3.61654984776065
11.9152542372881,44.6570444915254,-3.57789769861827
12.2203389830508,44.6570444915254,-3.53961391264481
12.5254237288136,44.6570444915254,-3.50189126684497
12.8305084745763,44.6570444915254,-3.4649311006112
13.135593220339,44.6570444915254,-3.4289295951257
13.4406779661017,44.6570444915254,-3.39406607450266
13.7457627118644,44.6570444915254,-3.36049334328425
14.0508474576271,44.6570444915254,-3.32833006639995
14.3559322033898,44.6570444915254,-3.29765517305845
14.6610169491525,44.6570444915254,-3.26850333587418
14.9661016949153,44.6570444915254,-3.24083128024184
15.271186440678,44.6570444915254,-3.21450922502717
15.5762711864407,44.6570444915254,-3.1893614982642
15.8813559322034,44.6570444915254,-3.16517246353075
16.1864406779661,44.6570444915254,-3.14169111742197
16.4915254237288,44.6570444915254,-3.11863681209121
16.7966101694915,44.6570444915254,-3.09570587155525
17.1016949152542,44.6570444915254,-3.07257886627159
17.4067796610169,44.6570444915254,-3.04892830108567
17.7118644067797,44.6570444915254,-3.02442646973661
18.0169491525424,44.6570444915254,-2.99875323392879
18.3220338983051,44.6570444915254,-2.9716074408202
18.6271186440678,44.6570444915254,-2.94277136078614
18.9322033898305,44.6570444915254,-2.9120968560421
19.2372881355932,44.6570444915254,-2.87946530168134
19.5423728813559,44.6570444915254,-2.84479582034558
19.8474576271186,44.6570444915254,-2.8080484972612
20.1525423728814,44.6570444915254,-2.76922622935988
20.4576271186441,44.6570444915254,-2.72837526140905
20.7627118644068,44.6570444915254,-2.68558439465805
21.0677966101695,44.6570444915254,-2.64098289953125
21.3728813559322,44.6570444915254,-2.59473720784434
21.6779661016949,44.6570444915254,-2.54704648952842
21.9830508474576,44.6570444915254,-2.49813699318579
22.2881355932203,44.6570444915254,-2.44823516391561
22.5932203389831,44.6570444915254,-2.39754523296246
22.8983050847458,44.6570444915254,-2.3462718597986
23.2033898305085,44.6570444915254,-2.29461801191654
23.5084745762712,44.6570444915254,-2.24277901578926
23.8135593220339,44.6570444915254,-2.19093556564299
24.1186440677966,44.6570444915254,-2.13924719993931
24.4237288135593,44.6570444915254,-2.08784650183416
24.728813559322,44.6570444915254,-2.03683421920954
25.0338983050847,44.6570444915254,-1.98627548130086
25.3389830508475,44.6570444915254,-1.93620229102061
25.6440677966102,44.6570444915254,-1.88663098171904
25.9491525423729,44.6570444915254,-1.83756454497114
26.2542372881356,44.6570444915254,-1.78899193251156
26.5593220338983,44.6570444915254,-1.74088106143724
26.864406779661,44.6570444915254,-1.69318254045007
27.1694915254237,44.6570444915254,-1.64584018849328
27.4745762711864,44.6570444915254,-1.59879745781863
27.7796610169492,44.6570444915254,-1.55199781611316
28.0847457627119,44.6570444915254,-1.50538747796981
28.3898305084746,44.6570444915254,-1.45891854682193
28.6949152542373,44.6570444915254,-1.41254388700435
29,44.6570444915254,-1.36621636285192
11,45.1006355932203,-3.74074528312971
11.3050847457627,45.1006355932203,-3.70136114409355
11.6101694915254,45.1006355932203,-3.66204224069773
11.9152542372881,45.1006355932203,-3.62290700065425
12.2203389830508,45.1006355932203,-3.58411582006163
12.5254237288136,45.1006355932203,-3.5458533746852
12.8305084745763,45.1006355932203,-3.50831290267805
13.135593220339,45.1006355932203,-3.47168248398303
13.4406779661017,45.1006355932203,-3.43613334147497
13.7457627118644,45.1006355932203,-3.40181017845667
14.0508474576271,45.1006355932203,-3.36882355861826
14.3559322033898,45.1006355932203,-3.33724430992908
14.6610169491525,45.1006355932203,-3.3070992093835
14.9661016949153,45.1006355932203,-3.27834459651673
15.271186440678,45.1006355932203,-3.25085978883181
15.5762711864407,45.1006355932203,-3.22447882032654
15.8813559322034,45.1006355932203,-3.19899576054249
16.1864406779661,45.1006355932203,-3.1741693120386
16.4915254237288,45.1006355932203,-3.14972853293195
16.7966101694915,45.1006355932203,-3.12537945320311
17.1016949152542,45.1006355932203,-3.10081234927332
17.4067796610169,45.1006355932203,-3.07570943195181
17.7118644067797,45.1006355932203,-3.04975270094144
18.0169491525424,45.1006355932203,-3.02263172391036
18.3220338983051,45.1006355932203,-2.99405468526984
18.6271186440678,45.1006355932203,-2.96380738834623
18.9322033898305,45.1006355932203,-2.93174060848804
19.2372881355932,45.1006355932203,-2.89773450598329
19.5423728813559,45.1006355932203,-2.86170698866849
19.8474576271186,45.1006355932203,-2.8236169269648
20.1525423728814,45.1006355932203,-2.78346600299866
20.4576271186441,45.1006355932203,-2.74129924673228
20.7627118644068,45.1006355932203,-2.6972042446098
21.0677966101695,45.1006355932203,-2.65130905225033
21.3728813559322,45.1006355932203,-2.60377888666436
21.6779661016949,45.1006355932203,-2.55481170297776
21.9830508474576,45.1006355932203,-2.50463253912135
22.2881355932203,45.1006355932203,-2.45346696094441
22.5932203389831,45.1006355932203,-2.40151888888395
22.8983050847458,45.1006355932203,-2.34899272751229
23.2033898305085,45.1006355932203,-2.29609118942194
23.5084745762712,45.1006355932203,-2.24300934618591
23.8135593220339,45.1006355932203,-2.18992763713046
24.1186440677966,45.1006355932203,-2.13700534581717
24.4237288135593,45.1006355932203,-2.08437480050204
24.728813559322,45.1006355932203,-2.03213649416708
25.0338983050847,45.1006355932203,-1.98035530114772
25.3389830508475,45.1006355932203,-1.92906296945646
25.6440677966102,45.1006355932203,-1.87827557754361
25.9491525423729,45.1006355932203,-1.82799586208415
26.2542372881356,45.1006355932203,-1.77821251991277
26.5593220338983,45.1006355932203,-1.72889321322644
26.864406779661,45.1006355932203,-1.67998829582706
27.1694915254237,45.1006355932203,-1.63144133175789
27.4745762711864,45.1006355932203,-1.58319551837072
27.7796610169492,45.1006355932203,-1.53519406845261
28.0847457627119,45.1006355932203,-1.48738294169652
28.3898305084746,45.1006355932203,-1.43971398663582
28.6949152542373,45.1006355932203,-1.39213981270538
29,45.1006355932203,-1.34461302934007
11,45.5442266949153,-3.78741819999934
11.3050847457627,45.5442266949153,-3.74757705499485
11.6101694915254,45.5442266949153,-3.70779286245672
11.9152542372881,45.5442266949153,-3.66817576692299
12.2203389830508,45.5442266949153,-3.62887788131818
12.5254237288136,45.5442266949153,-3.59007559823367
12.8305084745763,45.5442266949153,-3.55195387264856
13.135593220339,45.5442266949153,-3.51469250133172
13.4406779661017,45.5442266949153,-3.47845442398402
13.7457627118644,45.5442266949153,-3.44337606073429
14.0508474576271,45.5442266949153,-3.40955969209867
14.3559322033898,45.5442266949153,-3.37706786287252
14.6610169491525,45.5442266949153,-3.34591927845807
14.9661016949153,45.5442266949153,-3.31606993432585
15.271186440678,45.5442266949153,-3.28740856344101
15.5762711864407,45.5442266949153,-3.25977924020112
15.8813559322034,45.5442266949153,-3.23298607454749
16.1864406779661,45.5442266949153,-3.20679780943881
16.4915254237288,45.5442266949153,-3.18095354339192
16.7966101694915,45.5442266949153,-3.15516934678712
17.1016949152542,45.5442266949153,-3.12914553644543
17.4067796610169,45.5442266949153,-3.1025743635758
17.7118644067797,45.5442266949153,-3.07514786828086
18.0169491525424,45.5442266949153,-3.0465656586285
18.3220338983051,45.5442266949153,-3.01654557318902
18.6271186440678,45.5442266949153,-2.98487698918167
18.9322033898305,45.5442266949153,-2.9514094163819
19.2372881355932,45.5442266949153,-2.91602161548364
19.5423728813559,45.5442266949153,-2.87863009472932
19.8474576271186,45.5442266949153,-2.83919232494598
20.1525423728814,45.5442266949153,-2.797708588666
20.4576271186441,45.5442266949153,-2.75422251625749
20.7627118644068,45.5442266949153,-2.70882029457048
21.0677966101695,45.5442266949153,-2.66162857963002
21.3728813559322,45.5442266949153,-2.61281118885248
21.6779661016949,45.5442266949153,-2.56256467776967
21.9830508474576,45.5442266949153,-2.51111268972652
22.2881355932203,45.5442266949153,-2.45867979751814
22.5932203389831,45.5442266949153,-2.40546961722009
22.8983050847458,45.5442266949153,-2.3516863167777
23.2033898305085,45.5442266949153,-2.2975323721565
23.5084745762712,45.5442266949153,-2.24320261830248
23.8135593220339,45.5442266949153,-2.18887725791493
24.1186440677966,45.5442266949153,-2.13471533792844
24.4237288135593,45.5442266949153,-2.08084894997199
24.728813559322,45.5442266949153,-2.0273783504006
25.0338983050847,45.5442266949153,-1.97436817692273
25.3389830508475,45.5442266949153,-1.92184994092388
25.6440677966102,45.5442266949153,-1.86983948422735
25.9491525423729,45.5442266949153,-1.81833930688115
26.2542372881356,45.5442266949153,-1.76733786909295
26.5593220338983,45.5442266949153,-1.71680259643275
26.864406779661,45.5442266949153,-1.66668360607544
27.1694915254237,45.5442266949153,-1.6169242254373
27.4745762711864,45.5442266949153,-1.56746741524312
27.7796610169492,45.5442266949153,-1.51825615165296
28.0847457627119,45.5442266949153,-1.4692361577328
28.3898305084746,45.5442266949153,-1.42035904538901
28.6949152542373,45.5442266949153,-1.37157718742947
29,45.5442266949153,-1.32284295666205
11,45.9878177966102,-3.83427160134081
11.3050847457627,45.9878177966102,-3.793974786279
11.6101694915254,45.9878177966102,-3.75372650405861
11.9152542372881,45.9878177966102,-3.71362847959274
12.2203389830508,45.9878177966102,-3.67382440618097
12.5254237288136,45.9878177966102,-3.63448225678976
12.8305084745763,45.9878177966102,-3.59577856677325
13.135593220339,45.9878177966102,-3.55788471327539
13.4406779661017,45.9878177966102,-3.5209552163721
13.7457627118644,45.9878177966102,-3.48511807656726
14.0508474576271,45.9878177966102,-3.45046715475209
14.3559322033898,45.9878177966102,-3.41705657609702
14.6610169491525,45.9878177966102,-3.38489684243303
14.9661016949153,45.9878177966102,-3.35394363651208
15.271186440678,45.9878177966102,-3.32409534438008
15.5762711864407,45.9878177966102,-3.29520633166133
15.8813559322034,45.9878177966102,-3.26709099952389
16.1864406779661,45.9878177966102,-3.23952838215317
16.4915254237288,45.9878177966102,-3.21226786929277
16.7966101694915,45.9878177966102,-3.18503582254972
17.1016949152542,45.9878177966102,-3.15754284997178
17.4067796610169,45.9878177966102,-3.12949149399464
17.7118644067797,45.9878177966102,-3.10058408594768
18.0169491525424,45.9878177966102,-3.07053052512552
18.3220338983051,45.9878177966102,-3.03905854193679
18.6271186440678,45.9878177966102,-3.00596111820007
18.9322033898305,45.9878177966102,-2.97108636408815
19.2372881355932,45.9878177966102,-2.93431150210925
19.5423728813559,45.9878177966102,-2.89555150232003
19.8474576271186,45.9878177966102,-2.85476229736181
20.1525423728814,45.9878177966102,-2.81194263158121
20.4576271186441,45.9878177966102,-2.76713459716062
20.7627118644068,45.9878177966102,-2.72042284276432
21.0677966101695,45.9878177966102,-2.67193248623161
21.3728813559322,45.9878177966102,-2.62182580679315
21.6779661016949,45.9878177966102,-2.57029782179496
21.9830508474576,45.9878177966102,-2.51757064206035
22.2881355932203,45.9878177966102,-2.46386776197702
22.5932203389831,45.9878177966102,-2.40939249809367
22.8983050847458,45.9878177966102,-2.35434879543337
23.2033898305085,45.9878177966102,-2.29893890703938
23.5084745762712,45.9878177966102,-2.24335744493546
23.8135593220339,45.9878177966102,-2.18778438889862
24.1186440677966,45.9878177966102,-2.1323785629412
24.4237288135593,45.9878177966102,-2.07727183576993
24.728813559322,45.9878177966102,-2.02256424081757
25.0338983050847,45.9878177966102,-1.96832019287032
25.3389830508475,45.9878177966102,-1.91457098039143
25.6440677966102,45.9878177966102,-1.86133222228193
25.9491525423729,45.9878177966102,-1.80860619566759
26.2542372881356,45.9878177966102,-1.75638113783381
26.5593220338983,45.9878177966102,-1.70462425142835
26.864406779661,45.9878177966102,-1.65328543070382
27.1694915254237,45.9878177966102,-1.60230778015427
27.4745762711864,45.9878177966102,-1.55163403758221
27.7796610169492,45.9878177966102,-1.50120695622545
28.0847457627119,45.9878177966102,-1.45097203622772
28.3898305084746,45.9878177966102,-1.40088066657313
28.6949152542373,45.9878177966102,-1.3508849971473
29,45.9878177966102,-1.30093717783585
11,46.4314088983051,-3.88124083742389
11.3050847457627,46.4314088983051,-3.84048924291209
11.6101694915254,46.4314088983051,-3.79977767064947
11.9152542372881,46.4314088983051,-3.75919933495688
12.2203389830508,46.4314088983051,-3.71888941854166
12.5254237288136,46.4314088983051,-3.67900738377799
12.8305084745763,46.4314088983051,-3.63972125542779
13.135593220339,46.4314088983051,-3.60119390004276
13.4406779661017,46.4314088983051,-3.56357132710657
13.7457627118644,46.4314088983051,-3.52697302653086
14.0508474576271,46.4314088983051,-3.49148434861459
14.3559322033898,46.4314088983051,-3.45715090793594
14.6610169491525,46.4314088983051,-3.42397491476863
14.9661016949153,46.4314088983051,-3.39191176004345
15.271186440678,46.4314088983051,-3.36086964129945
15.5762711864407,46.4314088983051,-3.33071338260568
15.8813559322034,46.4314088983051,-3.30126784357492
16.1864406779661,46.4314088983051,-3.27232251683734
16.4915254237288,46.4314088983051,-3.24363725058125
16.7966101694915,46.4314088983051,-3.21494886485841
17.1016949152542,46.4314088983051,-3.18597842616133
17.4067796610169,46.4314088983051,-3.15643893537043
17.7118644067797,46.4314088983051,-3.12604318225981
18.0169491525424,46.4314088983051,-3.09451152456884
18.3220338983051,46.4314088983051,-3.06158174299736
18.6271186440678,46.4314088983051,-3.02705044443416
18.9322033898305,46.4314088983051,-2.99076425009639
19.2372881355932,46.4314088983051,-2.95259875191207
19.5423728813559,46.4314088983051,-2.91246728935771
19.8474576271186,46.4314088983051,-2.87032416449445
20.1525423728814,46.4314088983051,-2.82616649108872
20.4576271186441,46.4314088983051,-2.78003473074275
20.7627118644068,46.4314088983051,-2.73201190154065
21.0677966101695,46.4314088983051,-2.68222149074154
21.3728813559322,46.4314088983051,-2.63082414699589
21.6779661016949,46.4314088983051,-2.57801325706957
21.9830508474576,46.4314088983051,-2.524009307307
22.2881355932203,46.4314088983051,-2.46903465678639
22.5932203389831,46.4314088983051,-2.4132923257526
22.8983050847458,46.4314088983051,-2.35698604544292
23.2033898305085,46.4314088983051,-2.30031785511487
23.5084745762712,46.4314088983051,-2.24348215300642
23.8135593220339,46.4314088983051,-2.18665870510884
24.1186440677966,46.4314088983051,-2.13000612164868
24.4237288135593,46.4314088983051,-2.07365605754692
24.728813559322,46.4314088983051,-2.01770833245056
25.0338983050847,46.4314088983051,-1.96222714736001
25.3389830508475,46.4314088983051,-1.90724357695278
25.6440677966102,46.4314088983051,-1.85277302634413
25.9491525423729,46.4314088983051,-1.79881755887404
26.2542372881356,46.4314088983051,-1.74536519804218
26.5593220338983,46.4314088983051,-1.69238293271052
26.864406779661,46.4314088983051,-1.63982044334592
27.1694915254237,46.4314088983051,-1.58762062065665
27.4745762711864,46.4314088983051,-1.53572598865947
27.7796610169492,46.4314088983051,-1.48407908680641
28.0847457627119,46.4314088983051,-1.43262520145545
28.3898305084746,46.4314088983051,-1.38131550780492
28.6949152542373,46.4314088983051,-1.33010194195468
29,46.4314088983051,-1.27893644000459
11,46.875,-3.92826791346847
11.3050847457627,46.875,-3.88706198481037
11.6101694915254,46.875,-3.84588752232554
11.9152542372881,46.875,-3.80482918425893
12.2203389830508,46.875,-3.76401359724198
12.5254237288136,46.875,-3.72359166757299
12.8305084745763,46.875,-3.68372286393796
13.135593220339,46.875,-3.64456149681269
13.4406779661017,46.875,-3.60624501960494
13.7457627118644,46.875,-3.56888436615046
14.0508474576271,46.875,-3.53255633067232
14.3559322033898,46.875,-3.49729797167278
14.6610169491525,46.875,-3.46310316387527
14.9661016949153,46.875,-3.42992701683808
15.271186440678,46.875,-3.39768761879968
15.5762711864407,46.875,-3.3662603358828
15.8813559322034,46.875,-3.33548056975399
16.1864406779661,46.875,-3.30514835509712
16.4915254237288,46.875,-3.27503408215425
16.7966101694915,46.875,-3.24488511303086
17.1016949152542,46.875,-3.21443305627319
17.4067796610169,46.875,-3.1834014548154
17.7118644067797,46.875,-3.15151364048531
18.0169491525424,46.875,-3.11850051307602
18.3220338983051,46.875,-3.08410998280502
18.6271186440678,46.875,-3.04814229186681
18.9322033898305,46.875,-3.01044252784633
19.2372881355932,46.875,-2.97088460589422
19.5423728813559,46.875,-2.92938018870959
19.8474576271186,46.875,-2.8858819015762
20.1525423728814,46.875,-2.84038518148309
20.4576271186441,46.875,-2.7929288132551
20.7627118644068,46.875,-2.74359413819893
21.0677966101695,46.875,-2.69250296679633
21.3728813559322,46.875,-2.63981427092037
21.6779661016949,46.875,-2.58571976055954
21.9830508474576,46.875,-2.53043825160077
22.2881355932203,46.875,-2.47419093936171
22.5932203389831,46.875,-2.4171805493949
22.8983050847458,46.875,-2.35961060372012
23.2033898305085,46.875,-2.30168293237736
23.5084745762712,46.875,-2.24359172438708
23.8135593220339,46.875,-2.18551653652302
24.1186440677966,46.875,-2.12761576979422
24.4237288135593,46.875,-2.07002086990415
24.728813559322,46.875,-2.01283144728226
25.0338983050847,46.875,-1.95611149371146
25.3389830508475,46.875,-1.89989187465173
25.6440677966102,46.875,-1.84418778600083
25.9491525423729,46.875,-1.7890010818812
26.2542372881356,46.875,-1.73431957657501
26.5593220338983,46.875,-1.68011004972669
26.864406779661,46.875,-1.62632197258559
27.1694915254237,46.875,-1.57289802664245
27.4745762711864,46.875,-1.51978052669652
27.7796610169492,46.875,-1.46691180298232
28.0847457627119,46.875,-1.41423693264029
28.3898305084746,46.875,-1.36170688165125
28.6949152542373,46.875,-1.30927337689754
29,46.875,-1.2568881452615
